event_id,entity,entity_id,action,occurred_at,loaded_at
1,order,162,created,2024-03-17 16:40:59,2025-06-01 03:30:00
2,order,762,refunded,2025-05-20 04:50:41,2025-06-01 03:30:00
3,order,6,status_changed,2024-10-03 16:40:07,2025-06-01 03:30:00
4,order,128,refunded,2024-01-12 10:12:28,2025-06-01 03:30:00
5,order,736,refunded,2025-04-15 02:04:39,2025-06-01 03:30:00
6,order,594,status_changed,2024-03-11 15:36:14,2025-06-01 03:30:00
7,order,73,status_changed,2024-07-20 18:11:51,2025-06-01 03:30:00
8,order,731,refunded,2025-05-17 10:32:50,2025-06-01 03:30:00
9,order,530,status_changed,2025-01-31 12:11:29,2025-06-01 03:30:00
10,order,224,updated,2025-05-18 22:53:34,2025-06-01 03:30:00
11,order,111,updated,2024-12-25 07:52:04,2025-06-01 03:30:00
12,order,494,refunded,2024-05-12 08:47:46,2025-06-01 03:30:00
13,order,44,status_changed,2024-01-23 14:04:30,2025-06-01 03:30:00
14,order,775,status_changed,2025-02-12 09:03:07,2025-06-01 03:30:00
15,order,115,status_changed,2024-08-11 04:16:50,2025-06-01 03:30:00
16,order,648,status_changed,2024-04-29 07:17:16,2025-06-01 03:30:00
17,order,964,refunded,2024-04-09 21:58:20,2025-06-01 03:30:00
18,order,74,status_changed,2024-07-12 03:28:31,2025-06-01 03:30:00
19,order,235,refunded,2024-10-28 01:31:29,2025-06-01 03:30:00
20,order,12,updated,2024-09-22 10:53:11,2025-06-01 03:30:00
21,order,798,updated,2025-02-20 05:36:27,2025-06-01 03:30:00
22,order,308,status_changed,2024-12-01 15:36:40,2025-06-01 03:30:00
23,order,515,refunded,2024-01-23 10:12:25,2025-06-01 03:30:00
24,order,981,refunded,2024-01-28 22:26:32,2025-06-01 03:30:00
25,order,748,status_changed,2025-03-10 00:38:10,2025-06-01 03:30:00
26,order,745,refunded,2025-03-23 18:06:55,2025-06-01 03:30:00
27,order,226,refunded,2024-05-13 09:52:25,2025-06-01 03:30:00
28,order,167,created,2024-06-13 05:41:06,2025-06-01 03:30:00
29,order,811,updated,2024-09-07 23:33:22,2025-06-01 03:30:00
30,order,751,created,2024-10-28 02:05:10,2025-06-01 03:30:00
31,order,512,updated,2024-11-17 06:54:19,2025-06-01 03:30:00
32,order,713,status_changed,2025-04-15 07:36:29,2025-06-01 03:30:00
33,order,483,refunded,2024-12-18 06:34:51,2025-06-01 03:30:00
34,order,407,status_changed,2024-09-17 07:55:07,2025-06-01 03:30:00
35,order,976,status_changed,2024-04-03 01:00:20,2025-06-01 03:30:00
36,order,978,updated,2024-07-03 07:17:52,2025-06-01 03:30:00
37,order,464,refunded,2024-08-08 15:40:37,2025-06-01 03:30:00
38,order,368,status_changed,2024-09-08 06:19:36,2025-06-01 03:30:00
39,order,500,updated,2024-01-07 11:24:46,2025-06-01 03:30:00
40,order,660,status_changed,2024-07-04 03:00:14,2025-06-01 03:30:00
41,order,757,status_changed,2024-03-26 02:16:52,2025-06-01 03:30:00
42,order,402,updated,2024-08-10 15:40:14,2025-06-01 03:30:00
43,order,951,status_changed,2024-12-24 06:51:08,2025-06-01 03:30:00
44,order,66,created,2024-09-19 22:14:34,2025-06-01 03:30:00
45,order,997,status_changed,2024-03-08 03:57:49,2025-06-01 03:30:00
46,order,702,status_changed,2024-06-22 20:54:31,2025-06-01 03:30:00
47,order,304,status_changed,2024-03-02 03:34:45,2025-06-01 03:30:00
48,order,501,refunded,2024-04-29 08:22:54,2025-06-01 03:30:00
49,order,191,created,2024-06-16 15:59:24,2025-06-01 03:30:00
50,order,307,updated,2024-02-21 13:50:01,2025-06-01 03:30:00
51,order,666,status_changed,2024-08-04 16:47:36,2025-06-01 03:30:00
52,order,83,created,2024-01-03 18:25:00,2025-06-01 03:30:00
53,order,823,created,2025-05-30 21:16:09,2025-06-01 03:30:00
54,order,995,status_changed,2025-02-01 14:57:33,2025-06-01 03:30:00
55,order,23,created,2024-12-04 19:31:15,2025-06-01 03:30:00
56,order,310,created,2025-04-23 14:40:55,2025-06-01 03:30:00
57,order,767,refunded,2025-04-21 19:22:49,2025-06-01 03:30:00
58,order,409,updated,2025-04-04 19:24:13,2025-06-01 03:30:00
59,order,490,status_changed,2024-08-01 03:34:09,2025-06-01 03:30:00
60,order,22,refunded,2024-02-08 01:18:44,2025-06-01 03:30:00
61,order,444,created,2025-04-26 21:07:38,2025-06-01 03:30:00
62,order,816,created,2025-05-10 17:00:05,2025-06-01 03:30:00
63,order,525,refunded,2024-07-23 10:51:35,2025-06-01 03:30:00
64,order,512,refunded,2025-01-08 20:26:12,2025-06-01 03:30:00
65,order,489,refunded,2025-01-14 16:18:21,2025-06-01 03:30:00
66,order,934,updated,2025-04-16 08:59:28,2025-06-01 03:30:00
67,order,395,updated,2024-09-09 23:36:40,2025-06-01 03:30:00
68,order,683,created,2025-03-21 19:46:11,2025-06-01 03:30:00
69,order,771,created,2024-08-04 11:33:16,2025-06-01 03:30:00
70,order,148,refunded,2024-12-18 12:41:10,2025-06-01 03:30:00
71,order,590,updated,2024-07-01 08:54:19,2025-06-01 03:30:00
72,order,479,status_changed,2024-04-18 13:18:22,2025-06-01 03:30:00
73,order,748,updated,2024-12-26 21:41:17,2025-06-01 03:30:00
74,order,668,created,2024-05-20 11:22:13,2025-06-01 03:30:00
75,order,303,status_changed,2024-09-19 10:50:18,2025-06-01 03:30:00
76,order,594,created,2024-04-30 10:17:21,2025-06-01 03:30:00
77,order,484,status_changed,2025-04-27 11:10:39,2025-06-01 03:30:00
78,order,643,status_changed,2025-01-18 06:13:11,2025-06-01 03:30:00
79,order,708,created,2025-04-26 15:03:36,2025-06-01 03:30:00
80,order,944,status_changed,2024-08-05 09:01:25,2025-06-01 03:30:00
81,order,14,refunded,2024-05-02 19:17:35,2025-06-01 03:30:00
82,order,950,status_changed,2024-12-30 16:28:06,2025-06-01 03:30:00
83,order,172,refunded,2024-05-15 17:43:56,2025-06-01 03:30:00
84,order,577,created,2024-04-21 09:27:41,2025-06-01 03:30:00
85,order,893,updated,2024-09-19 07:59:28,2025-06-01 03:30:00
86,order,925,created,2024-04-19 13:05:00,2025-06-01 03:30:00
87,order,440,status_changed,2024-01-18 00:44:52,2025-06-01 03:30:00
88,order,307,status_changed,2024-04-01 06:13:10,2025-06-01 03:30:00
89,order,98,status_changed,2024-05-23 04:19:53,2025-06-01 03:30:00
90,order,651,updated,2025-05-25 16:19:57,2025-06-01 03:30:00
91,order,374,updated,2024-07-04 10:40:45,2025-06-01 03:30:00
92,order,624,created,2025-02-03 01:25:00,2025-06-01 03:30:00
93,order,840,refunded,2024-06-14 07:43:07,2025-06-01 03:30:00
94,order,167,refunded,2024-05-16 15:34:12,2025-06-01 03:30:00
95,order,341,status_changed,2025-02-10 07:19:55,2025-06-01 03:30:00
96,order,947,updated,2025-02-20 02:20:09,2025-06-01 03:30:00
97,order,173,refunded,2024-10-05 03:59:39,2025-06-01 03:30:00
98,order,162,created,2024-09-11 00:46:09,2025-06-01 03:30:00
99,order,465,created,2024-08-17 01:03:28,2025-06-01 03:30:00
100,order,962,status_changed,2024-11-10 01:56:08,2025-06-01 03:30:00
101,order,456,refunded,2025-01-01 00:05:37,2025-06-01 03:30:00
102,order,49,created,2024-12-16 08:18:07,2025-06-01 03:30:00
103,order,698,status_changed,2024-03-07 22:25:57,2025-06-01 03:30:00
104,order,423,status_changed,2024-09-14 16:50:23,2025-06-01 03:30:00
105,order,441,refunded,2025-01-25 22:04:13,2025-06-01 03:30:00
106,order,477,updated,2025-03-20 06:58:44,2025-06-01 03:30:00
107,order,772,created,2024-08-24 15:11:18,2025-06-01 03:30:00
108,order,256,refunded,2024-03-17 13:04:43,2025-06-01 03:30:00
109,order,839,refunded,2025-04-25 15:10:58,2025-06-01 03:30:00
110,order,715,status_changed,2024-11-27 17:38:37,2025-06-01 03:30:00
111,order,11,updated,2025-05-08 17:16:47,2025-06-01 03:30:00
112,order,692,created,2025-04-10 22:02:53,2025-06-01 03:30:00
113,order,153,refunded,2025-05-21 08:35:48,2025-06-01 03:30:00
114,order,37,status_changed,2024-08-19 21:19:42,2025-06-01 03:30:00
115,order,724,updated,2024-09-28 12:43:56,2025-06-01 03:30:00
116,order,272,created,2025-05-09 17:03:16,2025-06-01 03:30:00
117,order,197,refunded,2024-01-20 19:45:15,2025-06-01 03:30:00
118,order,635,created,2024-11-02 04:31:05,2025-06-01 03:30:00
119,order,420,refunded,2025-03-24 11:39:28,2025-06-01 03:30:00
120,order,720,updated,2025-01-09 13:20:40,2025-06-01 03:30:00
121,order,787,status_changed,2024-11-12 22:07:49,2025-06-01 03:30:00
122,order,697,created,2024-02-02 06:54:29,2025-06-01 03:30:00
123,order,584,status_changed,2024-04-24 06:43:58,2025-06-01 03:30:00
124,order,281,created,2025-04-16 01:09:40,2025-06-01 03:30:00
125,order,433,refunded,2024-04-24 18:28:39,2025-06-01 03:30:00
126,order,263,refunded,2024-08-06 01:09:31,2025-06-01 03:30:00
127,order,966,refunded,2024-04-25 00:09:45,2025-06-01 03:30:00
128,order,79,updated,2024-03-07 09:56:55,2025-06-01 03:30:00
129,order,505,created,2025-04-18 02:39:22,2025-06-01 03:30:00
130,order,82,status_changed,2024-02-04 05:16:15,2025-06-01 03:30:00
131,order,905,created,2024-10-06 12:48:34,2025-06-01 03:30:00
132,order,38,status_changed,2025-05-28 20:28:45,2025-06-01 03:30:00
133,order,552,updated,2024-02-19 04:11:55,2025-06-01 03:30:00
134,order,513,updated,2024-05-28 03:36:51,2025-06-01 03:30:00
135,order,758,status_changed,2024-07-07 14:29:26,2025-06-01 03:30:00
136,order,170,status_changed,2025-03-29 12:42:07,2025-06-01 03:30:00
137,order,351,updated,2024-10-01 04:59:42,2025-06-01 03:30:00
138,order,97,created,2024-12-14 12:50:50,2025-06-01 03:30:00
139,order,132,refunded,2024-12-23 12:01:26,2025-06-01 03:30:00
140,order,584,updated,2025-05-28 13:01:05,2025-06-01 03:30:00
141,order,398,created,2024-09-17 07:24:22,2025-06-01 03:30:00
142,order,864,refunded,2024-08-09 11:14:35,2025-06-01 03:30:00
143,order,770,refunded,2024-10-24 11:33:40,2025-06-01 03:30:00
144,order,299,refunded,2024-05-24 15:21:48,2025-06-01 03:30:00
145,order,743,refunded,2025-01-10 10:38:15,2025-06-01 03:30:00
146,order,391,refunded,2025-04-04 01:11:08,2025-06-01 03:30:00
147,order,363,updated,2025-02-05 18:13:51,2025-06-01 03:30:00
148,order,511,updated,2025-01-02 08:57:14,2025-06-01 03:30:00
149,order,880,created,2024-08-08 06:36:13,2025-06-01 03:30:00
150,order,253,status_changed,2025-04-29 07:34:07,2025-06-01 03:30:00
151,order,328,status_changed,2025-03-19 19:07:57,2025-06-01 03:30:00
152,order,523,refunded,2024-12-26 14:40:40,2025-06-01 03:30:00
153,order,899,created,2024-08-26 04:25:12,2025-06-01 03:30:00
154,order,485,updated,2025-04-30 03:51:27,2025-06-01 03:30:00
155,order,442,status_changed,2024-02-16 21:39:16,2025-06-01 03:30:00
156,order,301,created,2024-12-04 18:40:12,2025-06-01 03:30:00
157,order,919,refunded,2024-06-03 18:23:57,2025-06-01 03:30:00
158,order,714,created,2024-01-25 08:09:13,2025-06-01 03:30:00
159,order,607,refunded,2024-11-12 03:22:08,2025-06-01 03:30:00
160,order,266,created,2025-01-08 08:42:30,2025-06-01 03:30:00
161,order,943,refunded,2025-03-07 15:10:31,2025-06-01 03:30:00
162,order,716,updated,2024-08-17 11:46:23,2025-06-01 03:30:00
163,order,573,updated,2024-01-21 02:00:46,2025-06-01 03:30:00
164,order,518,created,2025-04-13 16:28:19,2025-06-01 03:30:00
165,order,323,refunded,2024-01-28 04:37:25,2025-06-01 03:30:00
166,order,235,refunded,2024-11-06 05:54:21,2025-06-01 03:30:00
167,order,620,created,2024-04-27 21:57:25,2025-06-01 03:30:00
168,order,890,created,2025-03-12 18:40:58,2025-06-01 03:30:00
169,order,292,refunded,2024-01-15 01:58:10,2025-06-01 03:30:00
170,order,938,refunded,2025-03-27 19:12:20,2025-06-01 03:30:00
171,order,464,status_changed,2024-12-28 05:54:01,2025-06-01 03:30:00
172,order,312,updated,2024-07-18 18:23:43,2025-06-01 03:30:00
173,order,848,created,2024-08-31 23:59:19,2025-06-01 03:30:00
174,order,978,status_changed,2024-08-22 14:28:48,2025-06-01 03:30:00
175,order,221,created,2024-05-12 13:04:10,2025-06-01 03:30:00
176,order,420,status_changed,2024-03-28 16:47:39,2025-06-01 03:30:00
177,order,717,created,2025-04-02 10:36:02,2025-06-01 03:30:00
178,order,94,refunded,2024-01-01 01:07:36,2025-06-01 03:30:00
179,order,79,refunded,2024-01-27 01:41:45,2025-06-01 03:30:00
180,order,850,created,2024-01-26 23:15:44,2025-06-01 03:30:00
181,order,739,updated,2024-06-06 08:06:20,2025-06-01 03:30:00
182,order,787,updated,2024-01-05 13:21:31,2025-06-01 03:30:00
183,order,217,created,2025-03-11 10:42:59,2025-06-01 03:30:00
184,order,587,created,2024-06-04 17:14:37,2025-06-01 03:30:00
185,order,759,status_changed,2025-02-19 16:16:59,2025-06-01 03:30:00
186,order,376,refunded,2025-05-14 10:35:36,2025-06-01 03:30:00
187,order,973,status_changed,2025-04-28 01:19:55,2025-06-01 03:30:00
188,order,374,updated,2025-02-16 00:03:30,2025-06-01 03:30:00
189,order,306,refunded,2025-03-10 07:49:28,2025-06-01 03:30:00
190,order,1000,created,2024-10-09 08:02:18,2025-06-01 03:30:00
191,order,175,refunded,2025-03-25 20:14:09,2025-06-01 03:30:00
192,order,130,created,2024-11-29 20:54:52,2025-06-01 03:30:00
193,order,85,created,2024-04-10 15:32:33,2025-06-01 03:30:00
194,order,284,updated,2024-03-07 13:27:25,2025-06-01 03:30:00
195,order,804,created,2024-03-06 12:06:32,2025-06-01 03:30:00
196,order,570,created,2025-01-13 13:36:57,2025-06-01 03:30:00
197,order,464,refunded,2025-04-25 17:48:07,2025-06-01 03:30:00
198,order,526,refunded,2024-09-18 03:08:41,2025-06-01 03:30:00
199,order,481,refunded,2024-03-12 13:04:24,2025-06-01 03:30:00
200,order,56,updated,2024-04-30 04:20:04,2025-06-01 03:30:00
201,order,174,updated,2024-10-26 20:28:06,2025-06-01 03:30:00
202,order,805,created,2024-05-30 12:19:59,2025-06-01 03:30:00
203,order,50,updated,2024-04-02 23:22:02,2025-06-01 03:30:00
204,order,166,status_changed,2025-01-17 16:16:02,2025-06-01 03:30:00
205,order,113,created,2024-12-12 20:16:18,2025-06-01 03:30:00
206,order,866,status_changed,2024-04-26 01:32:10,2025-06-01 03:30:00
207,order,685,updated,2024-07-23 12:54:32,2025-06-01 03:30:00
208,order,437,refunded,2024-08-25 21:41:21,2025-06-01 03:30:00
209,order,443,created,2024-09-30 09:08:14,2025-06-01 03:30:00
210,order,740,created,2024-11-10 02:20:39,2025-06-01 03:30:00
211,order,847,updated,2025-03-28 00:03:30,2025-06-01 03:30:00
212,order,742,status_changed,2025-04-19 04:54:00,2025-06-01 03:30:00
213,order,209,status_changed,2025-05-15 20:12:37,2025-06-01 03:30:00
214,order,468,refunded,2025-02-16 05:56:52,2025-06-01 03:30:00
215,order,536,refunded,2025-03-29 19:11:58,2025-06-01 03:30:00
216,order,735,status_changed,2024-09-19 16:01:23,2025-06-01 03:30:00
217,order,374,status_changed,2025-03-21 15:20:08,2025-06-01 03:30:00
218,order,563,refunded,2024-07-20 14:31:36,2025-06-01 03:30:00
219,order,600,refunded,2025-03-20 03:55:59,2025-06-01 03:30:00
220,order,75,status_changed,2025-01-05 05:28:38,2025-06-01 03:30:00
221,order,63,status_changed,2024-12-25 03:21:26,2025-06-01 03:30:00
222,order,726,updated,2025-05-15 08:10:16,2025-06-01 03:30:00
223,order,380,status_changed,2024-05-03 21:32:00,2025-06-01 03:30:00
224,order,417,status_changed,2024-09-12 19:42:51,2025-06-01 03:30:00
225,order,599,refunded,2025-05-01 14:45:47,2025-06-01 03:30:00
226,order,386,created,2025-03-08 04:31:59,2025-06-01 03:30:00
227,order,567,updated,2025-01-29 14:10:22,2025-06-01 03:30:00
228,order,561,status_changed,2024-04-29 09:33:40,2025-06-01 03:30:00
229,order,250,created,2025-01-08 12:12:54,2025-06-01 03:30:00
230,order,201,status_changed,2024-08-14 01:44:44,2025-06-01 03:30:00
231,order,85,updated,2025-03-17 04:10:41,2025-06-01 03:30:00
232,order,226,created,2024-11-21 00:39:21,2025-06-01 03:30:00
233,order,474,created,2024-08-19 12:37:18,2025-06-01 03:30:00
234,order,757,created,2024-01-07 18:38:28,2025-06-01 03:30:00
235,order,963,refunded,2024-07-16 18:22:16,2025-06-01 03:30:00
236,order,773,refunded,2025-01-29 18:18:47,2025-06-01 03:30:00
237,order,215,updated,2024-07-20 05:30:03,2025-06-01 03:30:00
238,order,166,created,2024-03-21 03:57:58,2025-06-01 03:30:00
239,order,432,status_changed,2025-05-11 20:16:44,2025-06-01 03:30:00
240,order,306,refunded,2024-01-18 19:38:02,2025-06-01 03:30:00
241,order,504,updated,2025-01-23 06:41:01,2025-06-01 03:30:00
242,order,809,status_changed,2024-05-19 01:34:52,2025-06-01 03:30:00
243,order,213,refunded,2024-03-10 17:32:48,2025-06-01 03:30:00
244,order,697,status_changed,2024-11-16 06:16:34,2025-06-01 03:30:00
245,order,235,refunded,2024-12-23 13:21:04,2025-06-01 03:30:00
246,order,695,refunded,2024-03-02 12:17:52,2025-06-01 03:30:00
247,order,511,refunded,2025-05-25 10:06:33,2025-06-01 03:30:00
248,order,509,status_changed,2024-01-02 18:03:01,2025-06-01 03:30:00
249,order,989,updated,2024-05-06 10:20:09,2025-06-01 03:30:00
250,order,37,status_changed,2024-11-10 01:35:37,2025-06-01 03:30:00
251,order,427,status_changed,2024-02-24 15:48:30,2025-06-01 03:30:00
252,order,29,created,2024-01-04 09:39:59,2025-06-01 03:30:00
253,order,904,created,2024-11-24 23:02:22,2025-06-01 03:30:00
254,order,812,status_changed,2024-02-20 22:53:42,2025-06-01 03:30:00
255,order,690,status_changed,2025-01-07 22:23:53,2025-06-01 03:30:00
256,order,592,status_changed,2024-09-09 20:29:56,2025-06-01 03:30:00
257,order,27,created,2025-03-18 08:27:43,2025-06-01 03:30:00
258,order,647,updated,2024-03-15 06:37:04,2025-06-01 03:30:00
259,order,50,refunded,2024-01-21 12:58:44,2025-06-01 03:30:00
260,order,946,status_changed,2024-11-12 08:10:21,2025-06-01 03:30:00
261,order,367,refunded,2024-12-24 02:44:57,2025-06-01 03:30:00
262,order,958,status_changed,2025-01-27 20:04:45,2025-06-01 03:30:00
263,order,603,updated,2024-10-10 12:16:19,2025-06-01 03:30:00
264,order,660,refunded,2024-07-28 07:48:54,2025-06-01 03:30:00
265,order,516,status_changed,2024-07-26 21:17:38,2025-06-01 03:30:00
266,order,750,refunded,2025-05-14 14:28:42,2025-06-01 03:30:00
267,order,855,status_changed,2024-03-05 09:03:45,2025-06-01 03:30:00
268,order,554,updated,2024-11-04 15:58:01,2025-06-01 03:30:00
269,order,894,created,2024-04-12 17:55:01,2025-06-01 03:30:00
270,order,104,updated,2025-04-30 09:48:47,2025-06-01 03:30:00
271,order,703,updated,2024-05-04 01:25:58,2025-06-01 03:30:00
272,order,384,updated,2024-11-13 01:36:17,2025-06-01 03:30:00
273,order,333,status_changed,2024-03-06 05:55:02,2025-06-01 03:30:00
274,order,942,refunded,2025-02-02 11:48:49,2025-06-01 03:30:00
275,order,98,created,2024-07-26 01:26:00,2025-06-01 03:30:00
276,order,144,updated,2025-04-23 23:22:12,2025-06-01 03:30:00
277,order,268,refunded,2024-11-03 15:41:33,2025-06-01 03:30:00
278,order,477,status_changed,2025-02-23 17:17:27,2025-06-01 03:30:00
279,order,681,status_changed,2025-05-05 00:25:13,2025-06-01 03:30:00
280,order,759,created,2024-12-29 01:48:19,2025-06-01 03:30:00
281,order,497,refunded,2024-11-30 18:53:39,2025-06-01 03:30:00
282,order,832,created,2024-06-27 11:32:38,2025-06-01 03:30:00
283,order,181,refunded,2024-07-06 01:01:12,2025-06-01 03:30:00
284,order,487,created,2024-08-24 15:14:58,2025-06-01 03:30:00
285,order,6,updated,2024-06-15 14:29:42,2025-06-01 03:30:00
286,order,754,created,2025-05-08 17:17:01,2025-06-01 03:30:00
287,order,100,updated,2025-04-15 06:39:46,2025-06-01 03:30:00
288,order,129,updated,2024-04-17 07:58:13,2025-06-01 03:30:00
289,order,691,status_changed,2024-09-27 20:15:27,2025-06-01 03:30:00
290,order,647,status_changed,2025-02-18 14:36:43,2025-06-01 03:30:00
291,order,102,refunded,2024-05-10 04:56:52,2025-06-01 03:30:00
292,order,486,refunded,2024-12-21 06:48:38,2025-06-01 03:30:00
293,order,39,status_changed,2024-08-18 08:26:53,2025-06-01 03:30:00
294,order,976,created,2024-09-23 16:21:57,2025-06-01 03:30:00
295,order,937,status_changed,2024-08-31 03:11:01,2025-06-01 03:30:00
296,order,976,status_changed,2025-03-11 20:06:29,2025-06-01 03:30:00
297,order,66,status_changed,2024-12-26 03:27:02,2025-06-01 03:30:00
298,order,327,refunded,2025-04-02 10:12:34,2025-06-01 03:30:00
299,order,548,status_changed,2024-11-18 05:06:41,2025-06-01 03:30:00
300,order,860,updated,2024-09-25 16:12:55,2025-06-01 03:30:00
301,order,569,created,2024-11-01 20:24:12,2025-06-01 03:30:00
302,order,58,refunded,2024-05-09 14:12:00,2025-06-01 03:30:00
303,order,476,created,2024-02-01 21:04:25,2025-06-01 03:30:00
304,order,300,created,2024-12-30 09:27:34,2025-06-01 03:30:00
305,order,741,updated,2024-10-12 10:16:00,2025-06-01 03:30:00
306,order,50,updated,2025-01-11 18:14:41,2025-06-01 03:30:00
307,order,689,updated,2024-09-16 09:27:58,2025-06-01 03:30:00
308,order,440,status_changed,2024-09-10 13:13:55,2025-06-01 03:30:00
309,order,189,refunded,2024-11-06 05:19:58,2025-06-01 03:30:00
310,order,660,status_changed,2024-09-23 14:22:13,2025-06-01 03:30:00
311,order,122,status_changed,2024-06-25 22:45:34,2025-06-01 03:30:00
312,order,291,refunded,2024-03-06 20:59:57,2025-06-01 03:30:00
313,order,871,status_changed,2024-07-16 02:10:08,2025-06-01 03:30:00
314,order,197,created,2024-04-04 03:36:22,2025-06-01 03:30:00
315,order,767,updated,2024-06-16 23:26:16,2025-06-01 03:30:00
316,order,626,status_changed,2024-09-06 20:24:57,2025-06-01 03:30:00
317,order,182,updated,2025-03-09 07:26:52,2025-06-01 03:30:00
318,order,186,status_changed,2024-02-16 21:28:35,2025-06-01 03:30:00
319,order,230,updated,2024-12-12 04:19:29,2025-06-01 03:30:00
320,order,894,updated,2024-03-13 12:54:51,2025-06-01 03:30:00
321,order,702,refunded,2024-05-02 12:21:25,2025-06-01 03:30:00
322,order,779,refunded,2024-07-28 03:12:54,2025-06-01 03:30:00
323,order,252,refunded,2024-11-25 02:43:35,2025-06-01 03:30:00
324,order,247,refunded,2024-09-01 12:59:05,2025-06-01 03:30:00
325,order,203,refunded,2024-10-13 17:15:22,2025-06-01 03:30:00
326,order,363,status_changed,2024-12-24 18:58:35,2025-06-01 03:30:00
327,order,836,created,2025-01-14 02:57:12,2025-06-01 03:30:00
328,order,295,created,2025-02-05 01:37:46,2025-06-01 03:30:00
329,order,74,created,2024-12-06 03:10:07,2025-06-01 03:30:00
330,order,420,refunded,2024-06-22 16:01:43,2025-06-01 03:30:00
331,order,60,updated,2024-02-21 00:54:56,2025-06-01 03:30:00
332,order,168,refunded,2024-12-14 15:16:16,2025-06-01 03:30:00
333,order,139,updated,2024-08-18 16:43:06,2025-06-01 03:30:00
334,order,687,updated,2025-05-02 12:40:39,2025-06-01 03:30:00
335,order,836,created,2025-05-31 15:43:34,2025-06-01 03:30:00
336,order,306,created,2024-10-16 01:10:30,2025-06-01 03:30:00
337,order,547,created,2024-12-02 02:45:40,2025-06-01 03:30:00
338,order,268,updated,2025-04-28 07:44:18,2025-06-01 03:30:00
339,order,101,refunded,2025-04-15 09:00:01,2025-06-01 03:30:00
340,order,571,refunded,2025-02-01 14:26:59,2025-06-01 03:30:00
341,order,573,refunded,2024-07-08 22:31:42,2025-06-01 03:30:00
342,order,139,updated,2024-12-13 12:41:29,2025-06-01 03:30:00
343,order,973,refunded,2024-03-07 07:02:13,2025-06-01 03:30:00
344,order,862,created,2024-06-21 07:25:21,2025-06-01 03:30:00
345,order,872,status_changed,2024-05-24 09:39:00,2025-06-01 03:30:00
346,order,467,refunded,2024-08-29 03:41:58,2025-06-01 03:30:00
347,order,462,created,2025-05-30 11:14:37,2025-06-01 03:30:00
348,order,733,refunded,2024-10-01 20:33:22,2025-06-01 03:30:00
349,order,614,refunded,2024-04-14 09:27:27,2025-06-01 03:30:00
350,order,403,updated,2025-03-09 13:31:53,2025-06-01 03:30:00
351,order,268,created,2025-05-19 17:13:29,2025-06-01 03:30:00
352,order,773,updated,2024-02-25 02:29:23,2025-06-01 03:30:00
353,order,630,updated,2024-01-05 02:05:10,2025-06-01 03:30:00
354,order,721,status_changed,2024-12-01 02:18:45,2025-06-01 03:30:00
355,order,538,refunded,2024-04-01 15:13:52,2025-06-01 03:30:00
356,order,839,status_changed,2024-12-06 07:33:57,2025-06-01 03:30:00
357,order,188,updated,2025-05-08 21:34:47,2025-06-01 03:30:00
358,order,82,updated,2025-04-14 04:28:15,2025-06-01 03:30:00
359,order,116,status_changed,2025-04-21 10:26:40,2025-06-01 03:30:00
360,order,640,created,2024-07-04 17:03:24,2025-06-01 03:30:00
361,order,104,updated,2024-12-13 04:16:45,2025-06-01 03:30:00
362,order,491,status_changed,2024-09-19 22:17:34,2025-06-01 03:30:00
363,order,311,status_changed,2024-08-14 06:34:24,2025-06-01 03:30:00
364,order,155,updated,2024-11-08 10:27:18,2025-06-01 03:30:00
365,order,780,status_changed,2024-06-23 00:23:16,2025-06-01 03:30:00
366,order,751,refunded,2024-02-22 05:27:50,2025-06-01 03:30:00
367,order,409,created,2025-01-12 12:26:07,2025-06-01 03:30:00
368,order,899,status_changed,2024-09-15 09:49:10,2025-06-01 03:30:00
369,order,790,updated,2024-06-14 13:01:52,2025-06-01 03:30:00
370,order,482,refunded,2025-05-28 20:47:05,2025-06-01 03:30:00
371,order,449,created,2025-01-27 03:29:27,2025-06-01 03:30:00
372,order,670,created,2025-01-17 10:18:17,2025-06-01 03:30:00
373,order,310,updated,2024-12-20 03:47:55,2025-06-01 03:30:00
374,order,143,status_changed,2024-06-19 10:31:16,2025-06-01 03:30:00
375,order,884,updated,2024-05-16 16:55:13,2025-06-01 03:30:00
376,order,3,status_changed,2024-11-13 21:44:10,2025-06-01 03:30:00
377,order,524,created,2024-03-21 11:22:16,2025-06-01 03:30:00
378,order,404,created,2024-11-24 04:12:50,2025-06-01 03:30:00
379,order,32,status_changed,2024-12-25 03:48:16,2025-06-01 03:30:00
380,order,764,refunded,2025-02-06 04:55:47,2025-06-01 03:30:00
381,order,415,created,2025-02-25 08:27:34,2025-06-01 03:30:00
382,order,247,refunded,2024-03-15 23:22:59,2025-06-01 03:30:00
383,order,881,refunded,2025-05-23 15:00:58,2025-06-01 03:30:00
384,order,83,updated,2025-01-14 08:51:14,2025-06-01 03:30:00
385,order,13,status_changed,2024-05-11 10:41:33,2025-06-01 03:30:00
386,order,736,status_changed,2024-07-23 19:50:50,2025-06-01 03:30:00
387,order,243,updated,2025-05-15 04:09:35,2025-06-01 03:30:00
388,order,183,updated,2024-02-02 10:33:44,2025-06-01 03:30:00
389,order,79,status_changed,2024-07-07 04:28:45,2025-06-01 03:30:00
390,order,824,status_changed,2025-01-07 11:19:57,2025-06-01 03:30:00
391,order,878,created,2025-03-11 15:26:40,2025-06-01 03:30:00
392,order,264,status_changed,2024-09-28 20:35:18,2025-06-01 03:30:00
393,order,165,status_changed,2024-10-28 04:54:31,2025-06-01 03:30:00
394,order,82,refunded,2025-02-21 22:32:00,2025-06-01 03:30:00
395,order,76,created,2024-06-15 18:40:25,2025-06-01 03:30:00
396,order,483,refunded,2024-09-30 18:14:23,2025-06-01 03:30:00
397,order,932,updated,2024-01-31 22:39:00,2025-06-01 03:30:00
398,order,941,created,2025-04-24 09:50:26,2025-06-01 03:30:00
399,order,647,status_changed,2025-05-22 03:14:33,2025-06-01 03:30:00
400,order,402,refunded,2024-06-23 07:35:53,2025-06-01 03:30:00
401,order,699,updated,2025-02-18 22:22:10,2025-06-01 03:30:00
402,order,147,status_changed,2024-03-25 00:49:58,2025-06-01 03:30:00
403,order,569,refunded,2024-12-08 19:59:34,2025-06-01 03:30:00
404,order,317,refunded,2024-01-24 14:19:14,2025-06-01 03:30:00
405,order,555,refunded,2025-03-30 17:13:09,2025-06-01 03:30:00
406,order,929,refunded,2024-07-06 15:38:54,2025-06-01 03:30:00
407,order,644,refunded,2024-06-21 17:59:13,2025-06-01 03:30:00
408,order,364,created,2025-01-12 12:18:04,2025-06-01 03:30:00
409,order,384,created,2024-05-15 19:51:56,2025-06-01 03:30:00
410,order,528,created,2025-01-21 09:03:43,2025-06-01 03:30:00
411,order,891,status_changed,2025-05-29 11:04:54,2025-06-01 03:30:00
412,order,138,created,2024-03-10 10:11:37,2025-06-01 03:30:00
413,order,473,refunded,2024-04-29 02:10:03,2025-06-01 03:30:00
414,order,43,status_changed,2024-02-01 04:02:20,2025-06-01 03:30:00
415,order,419,refunded,2024-06-17 20:34:14,2025-06-01 03:30:00
416,order,451,refunded,2024-10-10 10:18:56,2025-06-01 03:30:00
417,order,283,created,2024-04-03 22:30:38,2025-06-01 03:30:00
418,order,589,created,2024-02-14 16:10:03,2025-06-01 03:30:00
419,order,451,status_changed,2024-06-28 18:17:00,2025-06-01 03:30:00
420,order,321,updated,2024-11-12 19:00:57,2025-06-01 03:30:00
421,order,287,status_changed,2025-01-07 09:02:07,2025-06-01 03:30:00
422,order,421,updated,2024-08-05 18:38:23,2025-06-01 03:30:00
423,order,400,refunded,2024-06-17 20:47:36,2025-06-01 03:30:00
424,order,925,status_changed,2024-01-03 03:38:23,2025-06-01 03:30:00
425,order,659,created,2024-09-14 00:02:27,2025-06-01 03:30:00
426,order,691,created,2024-06-04 19:40:54,2025-06-01 03:30:00
427,order,593,updated,2024-12-04 20:44:09,2025-06-01 03:30:00
428,order,916,status_changed,2025-03-27 03:27:44,2025-06-01 03:30:00
429,order,805,created,2024-05-24 04:40:04,2025-06-01 03:30:00
430,order,268,refunded,2024-03-31 14:56:01,2025-06-01 03:30:00
431,order,223,status_changed,2024-04-22 23:37:21,2025-06-01 03:30:00
432,order,482,updated,2024-03-31 14:28:46,2025-06-01 03:30:00
433,order,107,updated,2025-01-03 20:58:14,2025-06-01 03:30:00
434,order,978,refunded,2025-04-01 00:20:57,2025-06-01 03:30:00
435,order,16,refunded,2024-10-02 15:11:15,2025-06-01 03:30:00
436,order,552,updated,2025-03-19 23:03:17,2025-06-01 03:30:00
437,order,273,created,2024-07-26 21:56:45,2025-06-01 03:30:00
438,order,47,status_changed,2024-06-24 09:27:41,2025-06-01 03:30:00
439,order,434,created,2025-04-26 23:53:28,2025-06-01 03:30:00
440,order,254,refunded,2024-03-28 15:27:34,2025-06-01 03:30:00
441,order,647,created,2024-04-29 22:02:48,2025-06-01 03:30:00
442,order,895,status_changed,2025-03-26 00:57:50,2025-06-01 03:30:00
443,order,762,updated,2025-01-10 23:13:46,2025-06-01 03:30:00
444,order,945,refunded,2024-03-17 19:48:35,2025-06-01 03:30:00
445,order,45,updated,2025-02-06 23:16:44,2025-06-01 03:30:00
446,order,530,updated,2024-09-16 22:29:35,2025-06-01 03:30:00
447,order,131,status_changed,2025-03-29 03:44:29,2025-06-01 03:30:00
448,order,346,status_changed,2024-08-01 12:44:09,2025-06-01 03:30:00
449,order,159,status_changed,2024-03-30 12:54:44,2025-06-01 03:30:00
450,order,501,status_changed,2024-04-10 22:29:20,2025-06-01 03:30:00
451,order,217,created,2024-12-05 12:10:08,2025-06-01 03:30:00
452,order,924,refunded,2024-05-15 01:07:09,2025-06-01 03:30:00
453,order,851,created,2024-06-16 01:21:33,2025-06-01 03:30:00
454,order,992,created,2024-09-12 11:36:05,2025-06-01 03:30:00
455,order,205,created,2024-12-02 02:15:13,2025-06-01 03:30:00
456,order,904,updated,2024-06-08 22:34:32,2025-06-01 03:30:00
457,order,593,refunded,2025-05-02 02:56:15,2025-06-01 03:30:00
458,order,820,status_changed,2024-07-02 02:09:37,2025-06-01 03:30:00
459,order,242,refunded,2024-03-20 06:47:22,2025-06-01 03:30:00
460,order,866,updated,2024-09-26 04:38:36,2025-06-01 03:30:00
461,order,17,status_changed,2024-11-12 10:02:48,2025-06-01 03:30:00
462,order,776,created,2025-02-14 14:59:16,2025-06-01 03:30:00
463,order,814,created,2024-03-06 11:23:35,2025-06-01 03:30:00
464,order,262,refunded,2024-08-27 02:10:02,2025-06-01 03:30:00
465,order,137,updated,2024-05-07 06:18:09,2025-06-01 03:30:00
466,order,539,created,2024-10-14 10:10:30,2025-06-01 03:30:00
467,order,185,status_changed,2025-03-13 20:03:59,2025-06-01 03:30:00
468,order,772,updated,2025-04-03 19:19:38,2025-06-01 03:30:00
469,order,816,refunded,2024-08-16 21:43:11,2025-06-01 03:30:00
470,order,85,updated,2024-08-19 03:00:20,2025-06-01 03:30:00
471,order,980,updated,2024-04-22 19:06:54,2025-06-01 03:30:00
472,order,950,created,2024-12-14 18:39:10,2025-06-01 03:30:00
473,order,595,updated,2024-02-28 09:43:54,2025-06-01 03:30:00
474,order,190,status_changed,2024-04-28 18:39:24,2025-06-01 03:30:00
475,order,522,updated,2025-02-18 08:12:23,2025-06-01 03:30:00
476,order,854,created,2024-03-24 09:07:30,2025-06-01 03:30:00
477,order,747,created,2025-04-12 20:51:26,2025-06-01 03:30:00
478,order,64,status_changed,2024-07-23 18:26:55,2025-06-01 03:30:00
479,order,945,updated,2024-05-23 00:11:49,2025-06-01 03:30:00
480,order,979,created,2024-02-16 04:15:18,2025-06-01 03:30:00
481,order,426,status_changed,2024-07-02 07:45:21,2025-06-01 03:30:00
482,order,90,refunded,2024-09-03 00:58:24,2025-06-01 03:30:00
483,order,926,refunded,2025-01-27 16:42:42,2025-06-01 03:30:00
484,order,852,updated,2025-03-28 19:49:09,2025-06-01 03:30:00
485,order,708,status_changed,2024-03-25 11:01:18,2025-06-01 03:30:00
486,order,663,updated,2025-04-24 05:56:36,2025-06-01 03:30:00
487,order,976,updated,2024-02-19 19:23:16,2025-06-01 03:30:00
488,order,306,refunded,2024-10-18 10:19:31,2025-06-01 03:30:00
489,order,761,created,2024-09-03 06:49:16,2025-06-01 03:30:00
490,order,995,created,2025-01-30 16:42:37,2025-06-01 03:30:00
491,order,102,updated,2025-02-16 09:55:58,2025-06-01 03:30:00
492,order,660,status_changed,2024-05-24 17:37:34,2025-06-01 03:30:00
493,order,473,created,2024-01-08 23:36:27,2025-06-01 03:30:00
494,order,827,refunded,2024-07-27 11:21:57,2025-06-01 03:30:00
495,order,684,refunded,2024-07-06 00:45:40,2025-06-01 03:30:00
496,order,463,updated,2025-01-05 20:55:25,2025-06-01 03:30:00
497,order,456,updated,2024-10-02 11:14:09,2025-06-01 03:30:00
498,order,710,updated,2025-04-23 03:04:02,2025-06-01 03:30:00
499,order,94,created,2024-03-03 14:14:06,2025-06-01 03:30:00
500,order,313,refunded,2024-03-10 18:32:16,2025-06-01 03:30:00
