customer_id,email,first_name,last_name,country_code,address_line_1,city,postal_code,signed_up_at,updated_at,loaded_at
1,drew.davies1@example.com,Drew,Davies,AU,9921 Oak Ave,Perth,17690,2025-04-11 14:56:53,2025-05-10 23:48:45,2025-06-01 03:30:00
2,micah.hernandez2@example.com,Micah,Hernandez,FR,8353 Oak St,Marseille,12529,2024-09-30 11:13:39,2025-04-20 02:03:28,2025-06-01 03:30:00
3,vale.silva3@example.com,Vale,Silva,NL,3059 Elm St,The Hague,31524,2024-10-01 20:05:12,2025-05-08 17:25:08,2025-06-01 03:30:00
4,toby.silva4@example.com,Toby,Silva,CA,5034 Maple Ave,Calgary,11460,2024-08-30 07:11:46,2024-11-05 04:33:50,2025-06-01 03:30:00
5,noah.garcia5@example.com,Noah,Garcia,GB,4247 Pine Blvd,Bristol,64763,2025-03-12 03:15:56,2025-05-18 16:18:20,2025-06-01 03:30:00
6,reese.obrien6@example.com,Reese,O'Brien,FR,8639 Pine Ave,Paris,20053,2024-04-02 13:48:32,2024-11-01 11:55:42,2025-06-01 03:30:00
7,riley.fischer7@example.com,Riley,Fischer,FR,3843 Elm Ln,Paris,64152,2024-09-14 22:48:03,2025-02-17 04:13:12,2025-06-01 03:30:00
8,sam.müller8@example.com,Sam,Müller,GB,5286 Maple Ave,Glasgow,72879,2024-01-17 06:00:33,2024-04-14 23:18:43,2025-06-01 03:30:00
9,quinn.johnson9@example.com,Quinn,Johnson,CA,542 Maple Ave,Ottawa,21265,2024-09-29 00:09:38,2025-03-18 17:31:14,2025-06-01 03:30:00
10,kai.müller10@example.com,Kai,Müller,IT,4448 Maple Blvd,Naples,79941,2024-01-22 08:19:00,2025-04-10 04:51:07,2025-06-01 03:30:00
11,taylor.vandijk11@example.com,Taylor,Van Dijk,IT,4135 Oak Blvd,Milan,64151,2024-04-28 18:24:07,2025-05-20 04:28:36,2025-06-01 03:30:00
12,alex.garcia12@example.com,Alex,Garcia,DE,702 Elm Ln,Munich,87464,2024-12-17 23:12:59,2025-03-03 05:27:25,2025-06-01 03:30:00
13,rowan.johnson13@example.com,Rowan,Johnson,IE,9259 Elm Rd,Cork,28803,2025-03-14 05:41:17,2025-04-03 19:49:56,2025-06-01 03:30:00
14,rowan.davies14@example.com,Rowan,Davies,IT,7745 Elm Ave,Milan,28519,2024-06-29 09:15:10,2024-09-04 04:10:41,2025-06-01 03:30:00
15,blake.dubois15@example.com,Blake,Dubois,US,5881 Maple Rd,Miami,61661,2025-05-27 04:19:38,2025-05-29 17:20:40,2025-06-01 03:30:00
16,finley.martin16@example.com,Finley,Martin,CA,1740 Oak Rd,Toronto,82207,2025-05-17 00:52:09,2025-05-22 14:27:18,2025-06-01 03:30:00
17,avery.martin17@example.com,Avery,Martin,IT,1560 Pine Ln,Naples,18327,2025-02-05 06:50:33,2025-05-18 05:10:00,2025-06-01 03:30:00
18,casey.kowalski18@example.com,Casey,Kowalski,NL,2669 Maple Rd,Eindhoven,21069,2024-12-06 17:06:15,2025-03-30 20:42:45,2025-06-01 03:30:00
19,sage.müller19@example.com,Sage,Müller,IE,4598 Pine Rd,Cork,51019,2025-04-03 22:40:22,2025-05-12 06:00:20,2025-06-01 03:30:00
20,noah.silva20@example.com,Noah,Silva,GB,2275 Elm Blvd,Manchester,46420,2024-11-04 15:50:04,2025-04-06 16:43:29,2025-06-01 03:30:00
21,sam.patel21@example.com,Sam,Patel,IT,7888 Elm St,Milan,48647,2024-07-09 01:11:55,2024-08-31 04:36:03,2025-06-01 03:30:00
22,jordan.garcia22@example.com,Jordan,Garcia,DE,292 Maple Blvd,Hamburg,67413,2024-05-30 18:26:48,2024-06-23 14:02:18,2025-06-01 03:30:00
23,drew.fischer23@example.com,Drew,Fischer,DE,6346 Pine Ave,Frankfurt,75369,2024-11-20 05:04:40,2025-03-02 20:01:20,2025-06-01 03:30:00
24,noah.lee24@example.com,Noah,Lee,IE,8672 Oak Ave,Dublin,90819,2025-02-01 14:40:55,2025-02-21 12:45:00,2025-06-01 03:30:00
25,rowan.romano25@example.com,Rowan,Romano,IT,8680 Cedar Blvd,Florence,64014,2024-01-06 06:09:58,2025-01-12 07:36:34,2025-06-01 03:30:00
26,skyler.lee26@example.com,Skyler,Lee,IT,7887 Elm Ln,Rome,15261,2024-09-07 09:22:33,2024-11-19 02:38:34,2025-06-01 03:30:00
27,reese.dubois27@example.com,Reese,Dubois,AU,6618 Pine Blvd,Perth,82112,2024-12-26 02:59:04,2025-05-21 06:13:46,2025-06-01 03:30:00
28,avery.romano28@example.com,Avery,Romano,CA,8017 Pine Ave,Calgary,12260,2024-08-11 13:13:54,2025-03-05 00:46:16,2025-06-01 03:30:00
29,drew.chen29@example.com,Drew,Chen,IT,2291 Cedar Blvd,Florence,56232,2025-01-20 22:16:17,2025-05-15 15:03:44,2025-06-01 03:30:00
30,alex.nguyen30@example.com,Alex,Nguyen,ES,3081 Oak Ln,Valencia,73861,2025-01-22 14:59:50,2025-05-21 23:38:26,2025-06-01 03:30:00
31,reese.lee31@example.com,Reese,Lee,NL,911 Maple Rd,The Hague,32203,2025-04-08 04:28:10,2025-05-04 07:45:33,2025-06-01 03:30:00
32,finley.johnson32@example.com,Finley,Johnson,IE,3230 Oak Ave,Dublin,27414,2024-09-11 16:11:49,2024-10-19 07:26:29,2025-06-01 03:30:00
33,sage.dubois33@example.com,Sage,Dubois,GB,5993 Pine Rd,Leeds,46859,2025-05-06 10:18:35,2025-05-31 17:31:38,2025-06-01 03:30:00
34,jordan.smith34@example.com,Jordan,Smith,ES,7005 Elm Rd,Seville,89560,2024-12-05 22:20:07,2025-03-03 18:03:07,2025-06-01 03:30:00
35,skyler.vandijk35@example.com,Skyler,Van Dijk,IE,3654 Cedar Ln,Galway,69278,2024-09-19 04:12:06,2025-01-02 08:17:23,2025-06-01 03:30:00
36,quinn.silva36@example.com,Quinn,Silva,ES,2149 Oak Ave,Bilbao,27011,2025-04-24 22:52:45,2025-05-14 01:06:17,2025-06-01 03:30:00
37,quinn.dubois37@example.com,Quinn,Dubois,IT,4078 Maple Ln,Naples,99485,2025-03-28 04:43:03,2025-04-25 08:57:55,2025-06-01 03:30:00
38,vale.garcia38@example.com,Vale,Garcia,US,4895 Maple St,Denver,33486,2024-06-15 04:26:31,2025-03-07 01:33:06,2025-06-01 03:30:00
39,parker.fischer39@example.com,Parker,Fischer,ES,5218 Cedar Blvd,Barcelona,25408,2024-07-28 16:57:43,2024-08-19 13:59:08,2025-06-01 03:30:00
40,alex.müller40@example.com,Alex,Müller,IE,7884 Pine Blvd,Limerick,50178,2024-05-30 09:48:29,2025-04-13 20:56:02,2025-06-01 03:30:00
41,micah.garcia41@example.com,Micah,Garcia,FR,3741 Pine St,Toulouse,83494,2025-03-02 13:18:54,2025-05-17 14:13:39,2025-06-01 03:30:00
42,morgan.silva42@example.com,Morgan,Silva,ES,7804 Pine Ave,Madrid,12493,2025-04-22 01:47:00,2025-04-26 14:16:03,2025-06-01 03:30:00
43,noah.dubois43@example.com,Noah,Dubois,NL,3122 Pine Rd,The Hague,55877,2024-03-23 18:47:27,2025-01-06 20:29:20,2025-06-01 03:30:00
44,finley.hernandez44@example.com,Finley,Hernandez,IE,2266 Elm Ave,Cork,53678,2024-10-17 20:56:47,2025-03-29 15:27:43,2025-06-01 03:30:00
45,vale.johnson45@example.com,Vale,Johnson,NL,512 Pine Ave,Utrecht,90044,2024-07-31 11:37:23,2025-01-27 00:12:22,2025-06-01 03:30:00
46,riley.kim46@example.com,Riley,Kim,ES,4397 Elm Ln,Seville,82359,2025-04-24 07:13:54,2025-05-08 05:23:03,2025-06-01 03:30:00
47,noah.hernandez47@example.com,Noah,Hernandez,GB,2665 Pine Blvd,Glasgow,45629,2024-03-15 14:57:47,2024-08-27 13:02:46,2025-06-01 03:30:00
48,sage.johnson48@example.com,Sage,Johnson,GB,8395 Oak Rd,Glasgow,80527,2025-03-28 16:33:38,2025-04-08 10:54:37,2025-06-01 03:30:00
49,taylor.kim49@example.com,Taylor,Kim,NL,1101 Maple Ave,Utrecht,13680,2024-04-09 17:14:03,2024-07-27 02:14:23,2025-06-01 03:30:00
50,noah.chen50@example.com,Noah,Chen,IE,404 Pine St,Cork,11679,2024-02-12 21:47:12,2024-10-06 03:27:35,2025-06-01 03:30:00
51,skyler.brown51@example.com,Skyler,Brown,DE,3814 Cedar St,Frankfurt,87687,2024-06-05 18:38:31,2024-09-14 19:18:01,2025-06-01 03:30:00
52,noah.fischer52@example.com,Noah,Fischer,GB,5917 Maple Blvd,Leeds,28669,2025-04-01 11:12:28,2025-05-23 21:01:21,2025-06-01 03:30:00
53,reese.johnson53@example.com,Reese,Johnson,ES,4960 Oak St,Valencia,27839,2024-07-18 18:53:51,2025-05-06 06:40:45,2025-06-01 03:30:00
54,noah.kim54@example.com,Noah,Kim,NL,8824 Elm Blvd,Eindhoven,91499,2024-03-14 13:45:39,2025-04-16 08:41:36,2025-06-01 03:30:00
55,logan.hernandez55@example.com,Logan,Hernandez,ES,5625 Cedar Blvd,Madrid,36170,2024-05-29 06:35:09,2025-04-12 10:12:21,2025-06-01 03:30:00
56,hayden.brown56@example.com,Hayden,Brown,NL,956 Maple St,Amsterdam,44009,2024-07-31 03:28:25,2025-04-22 07:02:12,2025-06-01 03:30:00
57,logan.silva57@example.com,Logan,Silva,GB,9781 Cedar Ave,Manchester,54949,2024-12-11 12:15:03,2024-12-18 20:10:51,2025-06-01 03:30:00
58,jordan.romano58@example.com,Jordan,Romano,US,267 Elm Ave,Miami,91352,2025-01-30 20:00:59,2025-04-06 19:18:32,2025-06-01 03:30:00
59,parker.brown59@example.com,Parker,Brown,IE,163 Pine Rd,Limerick,39630,2024-05-02 19:36:36,2025-01-09 15:56:53,2025-06-01 03:30:00
60,vale.chen60@example.com,Vale,Chen,IE,8153 Oak Blvd,Waterford,67724,2024-06-08 12:43:08,2025-04-15 04:25:46,2025-06-01 03:30:00
61,vale.kowalski61@example.com,Vale,Kowalski,IE,2830 Elm Ave,Galway,20297,2024-11-04 15:35:58,2024-11-11 02:09:09,2025-06-01 03:30:00
62,finley.lee62@example.com,Finley,Lee,NL,163 Elm Ln,Utrecht,87636,2024-10-22 09:13:07,2024-11-12 19:48:43,2025-06-01 03:30:00
63,blake.obrien63@example.com,Blake,O'Brien,IT,6740 Pine Ln,Milan,80685,2024-08-07 20:17:08,2024-09-03 15:45:20,2025-06-01 03:30:00
64,quinn.garcia64@example.com,Quinn,Garcia,DE,1009 Elm Blvd,Munich,49231,2024-11-20 18:27:56,2025-01-06 08:11:12,2025-06-01 03:30:00
65,casey.vandijk65@example.com,Casey,Van Dijk,CA,9328 Elm Blvd,Toronto,89914,2025-04-16 17:39:01,2025-05-05 22:58:14,2025-06-01 03:30:00
66,drew.vandijk66@example.com,Drew,Van Dijk,IT,8064 Pine Ln,Florence,48503,2024-01-27 17:09:00,2024-06-03 13:01:59,2025-06-01 03:30:00
67,vale.silva67@example.com,Vale,Silva,NL,5899 Maple Ave,Eindhoven,28068,2025-02-07 00:05:18,2025-03-24 09:32:18,2025-06-01 03:30:00
68,avery.kowalski68@example.com,Avery,Kowalski,IE,8627 Cedar Rd,Cork,22030,2024-05-26 06:47:28,2024-10-15 14:53:58,2025-06-01 03:30:00
69,quinn.davies69@example.com,Quinn,Davies,FR,7078 Cedar Blvd,Nice,41417,2025-03-17 04:15:50,2025-05-09 02:23:51,2025-06-01 03:30:00
70,skyler.martin70@example.com,Skyler,Martin,ES,3826 Elm Blvd,Barcelona,85322,2024-02-29 13:40:28,2025-05-23 21:23:49,2025-06-01 03:30:00
71,jordan.hernandez71@example.com,Jordan,Hernandez,CA,8222 Oak Ln,Calgary,74935,2024-10-24 16:33:12,2025-02-24 09:39:25,2025-06-01 03:30:00
72,reese.kim72@example.com,Reese,Kim,GB,2020 Elm St,Leeds,73931,2024-12-08 02:37:27,2025-05-05 21:41:14,2025-06-01 03:30:00
73,quinn.romano73@example.com,Quinn,Romano,CA,5475 Oak Blvd,Ottawa,19165,2024-10-07 19:50:35,2025-02-12 12:26:15,2025-06-01 03:30:00
74,skyler.fischer74@example.com,Skyler,Fischer,CA,3702 Cedar Ln,Calgary,19195,2025-01-05 10:55:24,2025-05-02 06:09:53,2025-06-01 03:30:00
75,casey.lee75@example.com,Casey,Lee,US,1050 Elm Ave,Austin,62822,2024-04-16 10:41:31,2025-05-27 08:45:53,2025-06-01 03:30:00
76,taylor.kowalski76@example.com,Taylor,Kowalski,FR,3979 Maple Ave,Toulouse,76277,2024-12-09 22:59:34,2025-04-30 03:10:06,2025-06-01 03:30:00
77,micah.patel77@example.com,Micah,Patel,DE,6194 Oak St,Cologne,21335,2024-02-13 05:30:27,2024-04-04 09:05:44,2025-06-01 03:30:00
78,rowan.patel78@example.com,Rowan,Patel,DE,8524 Cedar Ln,Cologne,28599,2025-05-05 21:05:46,2025-05-17 06:08:28,2025-06-01 03:30:00
79,noah.silva79@example.com,Noah,Silva,CA,8314 Maple Blvd,Calgary,86202,2024-05-20 01:18:55,2024-11-15 07:52:03,2025-06-01 03:30:00
80,toby.kowalski80@example.com,Toby,Kowalski,FR,7942 Maple Ln,Lyon,39400,2024-07-26 09:18:13,2024-09-20 18:00:25,2025-06-01 03:30:00
81,noah.davies81@example.com,Noah,Davies,ES,6139 Cedar Blvd,Barcelona,37312,2024-01-25 21:38:02,2024-12-31 08:52:26,2025-06-01 03:30:00
82,quinn.hernandez82@example.com,Quinn,Hernandez,DE,7233 Maple Ave,Berlin,43279,2024-07-16 08:31:49,2024-08-01 04:29:42,2025-06-01 03:30:00
83,sage.smith83@example.com,Sage,Smith,IT,7952 Maple Blvd,Milan,72376,2024-03-17 18:00:15,2025-03-07 11:21:52,2025-06-01 03:30:00
84,blake.lee84@example.com,Blake,Lee,ES,3991 Elm Rd,Madrid,37021,2024-09-01 23:07:15,2025-05-10 14:01:40,2025-06-01 03:30:00
85,vale.kim85@example.com,Vale,Kim,IE,3524 Elm Blvd,Galway,45153,2024-09-15 11:33:25,2025-03-19 11:04:21,2025-06-01 03:30:00
86,kai.smith86@example.com,Kai,Smith,FR,5665 Elm Ave,Toulouse,37945,2025-02-26 10:14:59,2025-03-23 01:44:04,2025-06-01 03:30:00
87,sage.müller87@example.com,Sage,Müller,IE,4293 Elm Blvd,Waterford,84726,2024-07-11 09:26:06,2025-01-06 22:03:01,2025-06-01 03:30:00
88,avery.kim88@example.com,Avery,Kim,ES,4883 Maple Blvd,Barcelona,29906,2024-05-21 17:37:16,2025-01-26 09:05:09,2025-06-01 03:30:00
89,sam.silva89@example.com,Sam,Silva,FR,6525 Elm Ave,Marseille,58574,2024-04-01 15:51:13,2024-12-23 00:14:31,2025-06-01 03:30:00
90,hayden.kowalski90@example.com,Hayden,Kowalski,IE,6546 Elm St,Waterford,23773,2024-04-29 05:16:47,2025-04-14 14:43:06,2025-06-01 03:30:00
91,casey.davies91@example.com,Casey,Davies,NL,9796 Oak Ave,Utrecht,37324,2024-11-08 00:28:35,2025-05-01 13:38:35,2025-06-01 03:30:00
92,finley.lee92@example.com,Finley,Lee,US,668 Cedar Ln,Boston,62641,2024-05-12 12:20:35,2024-06-24 10:09:36,2025-06-01 03:30:00
93,morgan.fischer93@example.com,Morgan,Fischer,FR,9075 Maple Ave,Lyon,78816,2024-07-23 14:28:51,2024-09-03 07:28:49,2025-06-01 03:30:00
94,taylor.smith94@example.com,Taylor,Smith,CA,1509 Pine Ln,Montreal,13178,2024-08-07 12:15:04,2025-05-18 09:26:45,2025-06-01 03:30:00
95,taylor.smith95@example.com,Taylor,Smith,IT,7500 Oak Blvd,Turin,76530,2024-12-03 14:08:57,2025-03-16 11:27:56,2025-06-01 03:30:00
96,noah.davies96@example.com,Noah,Davies,AU,3617 Cedar Blvd,Adelaide,95120,2024-12-26 05:00:47,2025-03-30 21:16:21,2025-06-01 03:30:00
97,avery.brown97@example.com,Avery,Brown,DE,6520 Cedar Ave,Cologne,84807,2025-05-04 01:04:27,2025-05-15 11:36:43,2025-06-01 03:30:00
98,hayden.martin98@example.com,Hayden,Martin,US,2483 Cedar St,Miami,27283,2024-12-23 19:43:33,2025-04-22 12:48:23,2025-06-01 03:30:00
99,hayden.nguyen99@example.com,Hayden,Nguyen,DE,8175 Elm Rd,Munich,83895,2024-05-07 09:16:26,2025-04-22 08:29:11,2025-06-01 03:30:00
100,sage.nguyen100@example.com,Sage,Nguyen,AU,9766 Elm St,Adelaide,62154,2025-03-04 12:13:56,2025-04-16 12:14:26,2025-06-01 03:30:00
101,finley.brown101@example.com,Finley,Brown,GB,7272 Cedar St,Manchester,78225,2024-05-08 13:14:35,2024-08-21 22:13:31,2025-06-01 03:30:00
102,sam.romano102@example.com,Sam,Romano,US,1082 Cedar Ave,Miami,67827,2024-04-13 06:47:25,2024-06-20 09:23:24,2025-06-01 03:30:00
103,riley.brown103@example.com,Riley,Brown,AU,6701 Oak Ln,Brisbane,52533,2024-04-26 20:25:39,2024-07-12 08:30:57,2025-06-01 03:30:00
104,sage.lee104@example.com,Sage,Lee,IE,4815 Elm Ave,Cork,49729,2025-03-06 03:41:54,2025-04-21 11:13:17,2025-06-01 03:30:00
105,sage.fischer105@example.com,Sage,Fischer,FR,7038 Pine Ln,Nice,83485,2024-05-31 08:08:09,2024-11-17 12:39:37,2025-06-01 03:30:00
106,blake.davies106@example.com,Blake,Davies,US,5238 Cedar St,Seattle,77228,2024-01-08 14:19:53,2024-06-08 06:15:02,2025-06-01 03:30:00
107,casey.dubois107@example.com,Casey,Dubois,US,3691 Cedar Ave,Denver,83325,2024-07-05 20:02:30,2024-09-12 00:14:51,2025-06-01 03:30:00
108,avery.chen108@example.com,Avery,Chen,NL,3319 Elm Rd,The Hague,30131,2024-03-23 09:25:02,2024-12-30 01:57:33,2025-06-01 03:30:00
109,vale.kowalski109@example.com,Vale,Kowalski,FR,7096 Pine Ln,Lyon,56890,2025-03-01 22:23:23,2025-05-11 18:04:34,2025-06-01 03:30:00
110,alex.müller110@example.com,Alex,Müller,US,4637 Pine Ln,Austin,80340,2025-02-13 21:29:45,2025-04-14 13:51:38,2025-06-01 03:30:00
111,avery.johnson111@example.com,Avery,Johnson,ES,9659 Cedar Ln,Madrid,68003,2025-02-06 10:54:31,2025-04-09 21:40:54,2025-06-01 03:30:00
112,parker.nguyen112@example.com,Parker,Nguyen,IT,2218 Oak Blvd,Florence,62651,2025-05-08 21:46:12,2025-05-26 17:30:13,2025-06-01 03:30:00
113,kai.romano113@example.com,Kai,Romano,DE,8200 Oak Rd,Hamburg,56293,2024-07-14 23:18:43,2025-01-21 00:46:38,2025-06-01 03:30:00
114,sage.silva114@example.com,Sage,Silva,FR,6434 Cedar Rd,Nice,95855,2024-04-10 19:06:48,2025-04-13 06:48:31,2025-06-01 03:30:00
115,taylor.silva115@example.com,Taylor,Silva,GB,2737 Maple St,London,41345,2024-05-10 20:56:53,2024-10-10 23:42:31,2025-06-01 03:30:00
116,morgan.johnson116@example.com,Morgan,Johnson,DE,3973 Cedar Ln,Frankfurt,15680,2025-04-06 09:56:23,2025-04-17 18:54:40,2025-06-01 03:30:00
117,parker.kim117@example.com,Parker,Kim,CA,6099 Maple Ave,Vancouver,87326,2024-06-12 12:01:55,2024-12-05 04:20:13,2025-06-01 03:30:00
118,micah.martin118@example.com,Micah,Martin,CA,480 Maple St,Toronto,50623,2024-05-02 16:13:07,2024-08-09 22:14:39,2025-06-01 03:30:00
119,micah.müller119@example.com,Micah,Müller,FR,7176 Cedar Ln,Toulouse,39770,2025-01-12 18:45:15,2025-02-09 05:56:17,2025-06-01 03:30:00
120,quinn.garcia120@example.com,Quinn,Garcia,DE,818 Elm St,Berlin,55368,2024-02-08 13:07:12,2025-03-09 04:03:43,2025-06-01 03:30:00
121,micah.obrien121@example.com,Micah,O'Brien,AU,7207 Elm Blvd,Sydney,69495,2025-02-14 16:38:43,2025-03-20 06:54:14,2025-06-01 03:30:00
122,logan.vandijk122@example.com,Logan,Van Dijk,DE,9920 Elm Rd,Cologne,46006,2025-01-25 18:51:56,2025-04-15 02:25:37,2025-06-01 03:30:00
123,jordan.kowalski123@example.com,Jordan,Kowalski,IT,8232 Oak Rd,Turin,31156,2025-05-11 21:04:28,2025-05-19 11:07:08,2025-06-01 03:30:00
124,casey.fischer124@example.com,Casey,Fischer,ES,9548 Elm St,Barcelona,89383,2024-09-01 01:16:53,2025-03-09 13:18:50,2025-06-01 03:30:00
125,hayden.fischer125@example.com,Hayden,Fischer,ES,3164 Pine St,Barcelona,49387,2025-03-27 20:06:02,2025-05-14 15:41:16,2025-06-01 03:30:00
126,quinn.nguyen126@example.com,Quinn,Nguyen,NL,1574 Elm Blvd,The Hague,53442,2024-02-23 01:20:32,2025-02-01 23:21:35,2025-06-01 03:30:00
127,hayden.dubois127@example.com,Hayden,Dubois,CA,5720 Maple Ave,Toronto,79921,2024-07-31 15:40:04,2024-08-16 15:26:08,2025-06-01 03:30:00
128,skyler.hernandez128@example.com,Skyler,Hernandez,FR,8093 Oak Blvd,Paris,85428,2025-02-02 01:46:32,2025-03-06 04:49:00,2025-06-01 03:30:00
129,riley.kowalski129@example.com,Riley,Kowalski,IT,6707 Maple Ln,Rome,62952,2024-10-17 21:45:02,2024-12-07 23:33:12,2025-06-01 03:30:00
130,kai.kim130@example.com,Kai,Kim,DE,3316 Oak Ln,Berlin,68235,2024-11-24 17:27:20,2025-03-09 07:52:47,2025-06-01 03:30:00
131,reese.patel131@example.com,Reese,Patel,IE,5742 Maple Ave,Limerick,12136,2025-02-11 21:52:00,2025-05-24 03:08:37,2025-06-01 03:30:00
132,casey.nguyen132@example.com,Casey,Nguyen,AU,377 Elm St,Adelaide,22668,2024-03-26 17:09:23,2024-05-15 15:36:09,2025-06-01 03:30:00
133,noah.obrien133@example.com,Noah,O'Brien,IE,7134 Pine Ave,Cork,69973,2025-02-25 04:49:04,2025-05-19 13:52:57,2025-06-01 03:30:00
134,morgan.smith134@example.com,Morgan,Smith,NL,2713 Cedar Ln,Rotterdam,43149,2024-03-06 13:45:39,2025-02-01 07:16:39,2025-06-01 03:30:00
135,avery.davies135@example.com,Avery,Davies,ES,3301 Maple Rd,Seville,90547,2024-12-13 14:22:36,2024-12-31 06:18:58,2025-06-01 03:30:00
136,quinn.kim136@example.com,Quinn,Kim,NL,2543 Oak St,Eindhoven,26334,2024-03-12 21:47:25,2025-02-19 02:05:42,2025-06-01 03:30:00
137,skyler.smith137@example.com,Skyler,Smith,IE,7965 Elm Ln,Limerick,69472,2025-01-08 04:14:06,2025-01-27 19:00:29,2025-06-01 03:30:00
138,quinn.nguyen138@example.com,Quinn,Nguyen,CA,7735 Cedar St,Calgary,18946,2024-07-22 22:59:11,2024-08-29 06:18:09,2025-06-01 03:30:00
139,parker.lee139@example.com,Parker,Lee,IE,4261 Maple Ave,Waterford,21904,2024-03-18 06:21:33,2024-11-18 11:38:23,2025-06-01 03:30:00
140,riley.silva140@example.com,Riley,Silva,GB,831 Maple Ln,Glasgow,82480,2025-05-11 14:59:59,2025-05-15 20:47:16,2025-06-01 03:30:00
141,taylor.hernandez141@example.com,Taylor,Hernandez,US,346 Oak Ave,Boston,61070,2024-07-26 16:39:03,2024-08-10 21:11:05,2025-06-01 03:30:00
142,skyler.nguyen142@example.com,Skyler,Nguyen,DE,1363 Elm St,Frankfurt,87420,2025-03-23 07:26:21,2025-05-01 09:13:46,2025-06-01 03:30:00
143,kai.smith143@example.com,Kai,Smith,CA,7781 Elm Rd,Ottawa,31681,2025-03-12 09:11:23,2025-05-18 17:30:00,2025-06-01 03:30:00
144,rowan.davies144@example.com,Rowan,Davies,AU,7390 Maple Ave,Perth,91854,2025-01-03 12:13:34,2025-02-01 19:11:14,2025-06-01 03:30:00
145,parker.nguyen145@example.com,Parker,Nguyen,IE,6935 Elm Ln,Waterford,87840,2025-03-28 19:58:33,2025-04-12 00:45:29,2025-06-01 03:30:00
146,skyler.johnson146@example.com,Skyler,Johnson,DE,3837 Elm Blvd,Hamburg,72196,2024-10-31 09:08:30,2025-02-12 01:17:49,2025-06-01 03:30:00
147,noah.lee147@example.com,Noah,Lee,US,3006 Oak Ave,Boston,18526,2025-05-10 12:00:08,2025-05-22 16:35:26,2025-06-01 03:30:00
148,sage.kim148@example.com,Sage,Kim,GB,7166 Oak Ln,Glasgow,64698,2024-12-24 09:45:06,2025-02-15 17:47:38,2025-06-01 03:30:00
149,alex.martin149@example.com,Alex,Martin,GB,2548 Oak Blvd,Leeds,82312,2025-04-18 19:21:18,2025-04-24 09:51:42,2025-06-01 03:30:00
150,rowan.vandijk150@example.com,Rowan,Van Dijk,ES,2375 Oak Ave,Bilbao,14983,2024-10-20 21:13:10,2025-04-21 04:44:26,2025-06-01 03:30:00
151,quinn.romano151@example.com,Quinn,Romano,IE,4691 Pine Blvd,Waterford,62287,2025-04-09 09:49:06,2025-04-28 09:51:20,2025-06-01 03:30:00
152,noah.martin152@example.com,Noah,Martin,IT,3233 Pine Ave,Naples,55741,2025-01-15 20:57:57,2025-02-03 09:44:19,2025-06-01 03:30:00
153,vale.hernandez153@example.com,Vale,Hernandez,US,7454 Elm Ave,Boston,16206,2024-10-07 23:25:53,2024-11-12 15:52:30,2025-06-01 03:30:00
154,vale.romano154@example.com,Vale,Romano,IE,9484 Elm Ln,Dublin,80675,2024-01-27 15:07:59,2025-04-11 22:01:16,2025-06-01 03:30:00
155,vale.brown155@example.com,Vale,Brown,GB,8768 Oak Blvd,London,98232,2024-07-27 18:58:55,2025-01-18 22:13:19,2025-06-01 03:30:00
156,alex.hernandez156@example.com,Alex,Hernandez,AU,9416 Oak Ln,Melbourne,53969,2024-12-01 21:49:00,2024-12-19 22:58:05,2025-06-01 03:30:00
157,blake.johnson157@example.com,Blake,Johnson,GB,7580 Oak Ln,Leeds,55311,2024-10-29 08:18:59,2024-12-30 04:52:41,2025-06-01 03:30:00
158,skyler.obrien158@example.com,Skyler,O'Brien,DE,5902 Pine St,Munich,57147,2024-06-15 09:22:20,2024-11-02 07:19:43,2025-06-01 03:30:00
159,noah.johnson159@example.com,Noah,Johnson,US,2857 Maple Ave,Denver,70490,2025-03-02 16:12:37,2025-03-06 00:56:26,2025-06-01 03:30:00
160,logan.silva160@example.com,Logan,Silva,AU,7305 Maple St,Melbourne,48982,2024-07-15 01:11:22,2024-08-06 13:20:02,2025-06-01 03:30:00
161,reese.kim161@example.com,Reese,Kim,NL,3311 Maple Ave,Eindhoven,53116,2025-04-25 18:19:22,2025-05-23 18:43:37,2025-06-01 03:30:00
162,toby.patel162@example.com,Toby,Patel,ES,499 Oak St,Bilbao,80707,2024-01-27 18:07:00,2024-05-15 07:38:15,2025-06-01 03:30:00
163,jordan.fischer163@example.com,Jordan,Fischer,DE,5719 Elm Blvd,Hamburg,93497,2024-05-13 13:27:11,2025-01-21 01:22:06,2025-06-01 03:30:00
164,riley.obrien164@example.com,Riley,O'Brien,AU,9297 Maple Rd,Melbourne,36223,2024-05-17 19:13:49,2025-01-22 09:48:25,2025-06-01 03:30:00
165,vale.silva165@example.com,Vale,Silva,ES,6010 Elm Ln,Bilbao,20359,2024-07-30 08:36:15,2024-12-03 03:03:53,2025-06-01 03:30:00
166,parker.hernandez166@example.com,Parker,Hernandez,NL,174 Pine Blvd,Utrecht,49357,2025-04-06 05:43:19,2025-04-14 07:59:48,2025-06-01 03:30:00
167,riley.martin167@example.com,Riley,Martin,GB,8806 Elm St,Leeds,62023,2024-04-07 07:38:30,2024-07-07 08:23:41,2025-06-01 03:30:00
168,kai.silva168@example.com,Kai,Silva,NL,3389 Elm Ave,Utrecht,19310,2025-05-28 02:31:03,2025-05-30 14:35:07,2025-06-01 03:30:00
169,toby.johnson169@example.com,Toby,Johnson,CA,6405 Elm Rd,Montreal,87000,2024-05-08 16:19:36,2025-03-09 06:48:28,2025-06-01 03:30:00
170,reese.johnson170@example.com,Reese,Johnson,ES,507 Maple Ave,Valencia,86424,2024-01-02 20:08:03,2024-02-23 13:23:23,2025-06-01 03:30:00
171,hayden.smith171@example.com,Hayden,Smith,AU,3170 Maple St,Brisbane,50359,2024-09-30 11:28:15,2025-03-22 02:07:58,2025-06-01 03:30:00
172,toby.johnson172@example.com,Toby,Johnson,IE,9186 Elm Rd,Limerick,51512,2024-11-15 19:23:27,2025-01-10 02:00:01,2025-06-01 03:30:00
173,riley.dubois173@example.com,Riley,Dubois,NL,7469 Pine St,Amsterdam,67904,2024-06-11 04:20:13,2025-02-10 02:31:46,2025-06-01 03:30:00
174,finley.brown174@example.com,Finley,Brown,ES,3195 Elm Blvd,Barcelona,67431,2025-04-07 19:46:23,2025-05-26 06:19:06,2025-06-01 03:30:00
175,riley.silva175@example.com,Riley,Silva,FR,9079 Pine St,Toulouse,51647,2025-02-02 15:51:54,2025-03-25 00:44:18,2025-06-01 03:30:00
176,rowan.lee176@example.com,Rowan,Lee,IE,6541 Cedar St,Dublin,65906,2025-02-03 11:46:04,2025-03-19 06:21:41,2025-06-01 03:30:00
177,drew.smith177@example.com,Drew,Smith,ES,2035 Cedar Ave,Seville,42985,2024-08-09 01:09:31,2024-09-13 09:57:01,2025-06-01 03:30:00
178,finley.fischer178@example.com,Finley,Fischer,US,6726 Elm St,Miami,29148,2025-04-03 18:14:45,2025-05-29 00:21:59,2025-06-01 03:30:00
179,vale.fischer179@example.com,Vale,Fischer,AU,8790 Elm Ave,Brisbane,24676,2025-04-01 03:52:03,2025-05-22 02:27:06,2025-06-01 03:30:00
180,hayden.obrien180@example.com,Hayden,O'Brien,ES,3595 Oak Ln,Valencia,44845,2025-05-17 08:05:01,2025-05-19 12:15:03,2025-06-01 03:30:00
181,jordan.lee181@example.com,Jordan,Lee,GB,5275 Maple Ln,Bristol,36356,2025-05-28 19:22:27,2025-05-30 02:41:59,2025-06-01 03:30:00
182,skyler.fischer182@example.com,Skyler,Fischer,US,9651 Elm Ave,Miami,36331,2024-11-28 23:52:23,2025-02-07 15:53:15,2025-06-01 03:30:00
183,morgan.romano183@example.com,Morgan,Romano,ES,8403 Elm Ln,Madrid,83385,2024-12-27 04:53:09,2025-04-30 22:23:43,2025-06-01 03:30:00
184,drew.hernandez184@example.com,Drew,Hernandez,CA,2193 Oak Ln,Calgary,60579,2024-06-29 13:47:45,2025-03-04 20:51:28,2025-06-01 03:30:00
185,avery.johnson185@example.com,Avery,Johnson,US,8853 Elm Blvd,Denver,85243,2024-05-12 03:56:16,2024-07-02 20:49:24,2025-06-01 03:30:00
186,sam.kowalski186@example.com,Sam,Kowalski,IT,7274 Maple Rd,Rome,55829,2025-04-25 07:18:20,2025-05-08 17:11:16,2025-06-01 03:30:00
187,casey.garcia187@example.com,Casey,Garcia,DE,3428 Maple Rd,Hamburg,69314,2025-01-22 05:37:28,2025-04-29 07:13:49,2025-06-01 03:30:00
188,kai.garcia188@example.com,Kai,Garcia,GB,6875 Oak Blvd,Bristol,35568,2025-02-04 05:06:14,2025-05-08 13:56:07,2025-06-01 03:30:00
189,casey.johnson189@example.com,Casey,Johnson,NL,1650 Oak Rd,Eindhoven,59016,2024-11-23 00:50:49,2025-01-22 10:13:58,2025-06-01 03:30:00
190,toby.patel190@example.com,Toby,Patel,US,9027 Cedar Ln,Austin,46765,2024-04-04 19:04:18,2024-12-10 19:29:47,2025-06-01 03:30:00
191,skyler.smith191@example.com,Skyler,Smith,DE,2437 Oak Ave,Munich,17740,2024-01-19 15:17:15,2024-04-25 03:44:21,2025-06-01 03:30:00
192,rowan.brown192@example.com,Rowan,Brown,ES,2154 Elm Rd,Bilbao,78287,2025-03-28 14:51:44,2025-05-29 23:46:51,2025-06-01 03:30:00
193,sage.garcia193@example.com,Sage,Garcia,GB,8405 Elm Ave,Glasgow,96643,2025-01-30 13:07:28,2025-05-22 06:32:34,2025-06-01 03:30:00
194,morgan.lee194@example.com,Morgan,Lee,AU,908 Maple Rd,Perth,88272,2024-06-15 21:14:48,2024-10-08 03:53:23,2025-06-01 03:30:00
195,sam.vandijk195@example.com,Sam,Van Dijk,IE,1834 Maple St,Cork,17207,2024-06-29 02:03:32,2025-02-12 05:08:32,2025-06-01 03:30:00
196,reese.nguyen196@example.com,Reese,Nguyen,FR,1102 Cedar St,Lyon,81355,2025-01-26 21:36:44,2025-02-02 15:16:55,2025-06-01 03:30:00
197,hayden.chen197@example.com,Hayden,Chen,IE,7424 Elm St,Waterford,37607,2024-12-20 06:32:05,2025-02-19 20:36:57,2025-06-01 03:30:00
198,morgan.chen198@example.com,Morgan,Chen,FR,3237 Pine St,Marseille,52731,2024-07-03 23:16:45,2025-02-05 10:53:02,2025-06-01 03:30:00
199,hayden.kowalski199@example.com,Hayden,Kowalski,AU,2218 Pine Ln,Brisbane,27820,2025-02-06 16:34:51,2025-02-21 16:04:26,2025-06-01 03:30:00
200,toby.lee200@example.com,Toby,Lee,US,9538 Maple Ln,Denver,78934,2025-03-22 14:20:26,2025-04-18 17:40:37,2025-06-01 03:30:00
