order_id,line_no,product_id,quantity,unit_price_cents,loaded_at
1,1,41,3,2499,2025-06-01 03:30:00
1,2,6,1,3999,2025-06-01 03:30:00
1,3,11,3,3499,2025-06-01 03:30:00
1,4,43,2,1999,2025-06-01 03:30:00
2,1,16,2,1999,2025-06-01 03:30:00
3,1,2,1,5999,2025-06-01 03:30:00
3,2,29,4,2499,2025-06-01 03:30:00
4,1,38,1,3999,2025-06-01 03:30:00
5,1,10,2,6999,2025-06-01 03:30:00
5,2,39,1,1999,2025-06-01 03:30:00
5,3,43,3,1999,2025-06-01 03:30:00
6,1,11,2,3499,2025-06-01 03:30:00
6,2,31,1,2499,2025-06-01 03:30:00
7,1,29,3,2499,2025-06-01 03:30:00
7,2,25,1,11999,2025-06-01 03:30:00
7,3,4,3,3499,2025-06-01 03:30:00
8,1,3,2,3999,2025-06-01 03:30:00
8,2,15,2,8999,2025-06-01 03:30:00
8,3,17,4,8999,2025-06-01 03:30:00
9,1,20,4,3999,2025-06-01 03:30:00
9,2,43,3,1999,2025-06-01 03:30:00
9,3,14,3,11999,2025-06-01 03:30:00
9,4,34,1,1999,2025-06-01 03:30:00
10,1,4,4,3499,2025-06-01 03:30:00
11,1,30,2,3499,2025-06-01 03:30:00
11,2,26,1,6999,2025-06-01 03:30:00
11,3,29,2,2499,2025-06-01 03:30:00
11,4,31,2,2499,2025-06-01 03:30:00
12,1,39,3,1999,2025-06-01 03:30:00
12,2,2,1,5999,2025-06-01 03:30:00
12,3,14,2,11999,2025-06-01 03:30:00
12,4,7,1,5999,2025-06-01 03:30:00
13,1,12,4,11999,2025-06-01 03:30:00
13,2,24,4,6999,2025-06-01 03:30:00
13,3,40,4,6999,2025-06-01 03:30:00
13,4,7,3,5999,2025-06-01 03:30:00
14,1,42,1,4999,2025-06-01 03:30:00
14,2,46,4,2499,2025-06-01 03:30:00
14,3,6,1,3999,2025-06-01 03:30:00
14,4,28,1,3499,2025-06-01 03:30:00
15,1,21,4,3999,2025-06-01 03:30:00
15,2,39,2,1999,2025-06-01 03:30:00
15,3,34,3,1999,2025-06-01 03:30:00
16,1,16,3,1999,2025-06-01 03:30:00
16,2,1,4,5999,2025-06-01 03:30:00
16,3,35,3,6999,2025-06-01 03:30:00
17,1,18,4,8999,2025-06-01 03:30:00
17,2,27,3,1999,2025-06-01 03:30:00
17,3,25,2,11999,2025-06-01 03:30:00
17,4,21,3,3999,2025-06-01 03:30:00
17,5,12,1,11999,2025-06-01 03:30:00
18,1,8,3,3999,2025-06-01 03:30:00
18,2,10,3,6999,2025-06-01 03:30:00
18,3,26,3,6999,2025-06-01 03:30:00
18,4,29,4,2499,2025-06-01 03:30:00
19,1,21,4,3999,2025-06-01 03:30:00
19,2,49,4,2999,2025-06-01 03:30:00
20,1,36,1,8999,2025-06-01 03:30:00
20,2,1,4,5999,2025-06-01 03:30:00
21,1,41,1,2499,2025-06-01 03:30:00
21,2,28,3,3499,2025-06-01 03:30:00
21,3,10,2,6999,2025-06-01 03:30:00
22,1,30,3,3499,2025-06-01 03:30:00
23,1,10,3,6999,2025-06-01 03:30:00
23,2,22,4,11999,2025-06-01 03:30:00
23,3,20,2,3999,2025-06-01 03:30:00
23,4,11,3,3499,2025-06-01 03:30:00
23,5,14,2,11999,2025-06-01 03:30:00
24,1,5,1,1999,2025-06-01 03:30:00
24,2,41,2,2499,2025-06-01 03:30:00
25,1,25,2,11999,2025-06-01 03:30:00
26,1,50,1,4999,2025-06-01 03:30:00
26,2,13,3,5999,2025-06-01 03:30:00
26,3,24,4,6999,2025-06-01 03:30:00
27,1,37,4,8999,2025-06-01 03:30:00
27,2,50,2,4999,2025-06-01 03:30:00
27,3,13,3,5999,2025-06-01 03:30:00
27,4,30,2,3499,2025-06-01 03:30:00
27,5,43,1,1999,2025-06-01 03:30:00
28,1,27,1,1999,2025-06-01 03:30:00
28,2,6,1,3999,2025-06-01 03:30:00
29,1,49,4,2999,2025-06-01 03:30:00
29,2,35,1,6999,2025-06-01 03:30:00
29,3,17,3,8999,2025-06-01 03:30:00
29,4,23,2,6999,2025-06-01 03:30:00
30,1,22,2,11999,2025-06-01 03:30:00
30,2,13,2,5999,2025-06-01 03:30:00
30,3,41,3,2499,2025-06-01 03:30:00
30,4,15,1,8999,2025-06-01 03:30:00
30,5,49,4,2999,2025-06-01 03:30:00
31,1,22,2,11999,2025-06-01 03:30:00
32,1,6,3,3999,2025-06-01 03:30:00
32,2,33,3,3999,2025-06-01 03:30:00
32,3,20,4,3999,2025-06-01 03:30:00
33,1,22,4,11999,2025-06-01 03:30:00
33,2,3,3,3999,2025-06-01 03:30:00
33,3,13,4,5999,2025-06-01 03:30:00
33,4,30,1,3499,2025-06-01 03:30:00
33,5,40,2,6999,2025-06-01 03:30:00
34,1,50,3,4999,2025-06-01 03:30:00
34,2,29,3,2499,2025-06-01 03:30:00
34,3,18,4,8999,2025-06-01 03:30:00
35,1,1,3,5999,2025-06-01 03:30:00
36,1,36,1,8999,2025-06-01 03:30:00
36,2,5,2,1999,2025-06-01 03:30:00
36,3,4,3,3499,2025-06-01 03:30:00
36,4,22,2,11999,2025-06-01 03:30:00
36,5,32,3,11999,2025-06-01 03:30:00
37,1,9,2,5999,2025-06-01 03:30:00
38,1,35,1,6999,2025-06-01 03:30:00
38,2,32,3,11999,2025-06-01 03:30:00
39,1,15,1,8999,2025-06-01 03:30:00
39,2,11,1,3499,2025-06-01 03:30:00
39,3,30,4,3499,2025-06-01 03:30:00
40,1,40,3,6999,2025-06-01 03:30:00
41,1,35,3,6999,2025-06-01 03:30:00
41,2,9,3,5999,2025-06-01 03:30:00
41,3,19,1,4999,2025-06-01 03:30:00
41,4,43,2,1999,2025-06-01 03:30:00
42,1,29,2,2499,2025-06-01 03:30:00
42,2,37,1,8999,2025-06-01 03:30:00
42,3,35,1,6999,2025-06-01 03:30:00
42,4,9,1,5999,2025-06-01 03:30:00
42,5,10,1,6999,2025-06-01 03:30:00
43,1,7,4,5999,2025-06-01 03:30:00
43,2,18,1,8999,2025-06-01 03:30:00
43,3,9,3,5999,2025-06-01 03:30:00
43,4,30,3,3499,2025-06-01 03:30:00
44,1,1,2,5999,2025-06-01 03:30:00
44,2,31,4,2499,2025-06-01 03:30:00
44,3,36,3,8999,2025-06-01 03:30:00
44,4,7,2,5999,2025-06-01 03:30:00
45,1,6,3,3999,2025-06-01 03:30:00
45,2,39,4,1999,2025-06-01 03:30:00
45,3,18,4,8999,2025-06-01 03:30:00
46,1,31,2,2499,2025-06-01 03:30:00
47,1,4,2,3499,2025-06-01 03:30:00
47,2,40,2,6999,2025-06-01 03:30:00
47,3,33,4,3999,2025-06-01 03:30:00
47,4,47,4,5999,2025-06-01 03:30:00
48,1,39,2,1999,2025-06-01 03:30:00
48,2,30,3,3499,2025-06-01 03:30:00
49,1,21,4,3999,2025-06-01 03:30:00
49,2,11,4,3499,2025-06-01 03:30:00
49,3,45,2,2499,2025-06-01 03:30:00
50,1,22,1,11999,2025-06-01 03:30:00
50,2,27,2,1999,2025-06-01 03:30:00
51,1,12,3,11999,2025-06-01 03:30:00
51,2,11,4,3499,2025-06-01 03:30:00
51,3,9,2,5999,2025-06-01 03:30:00
52,1,33,4,3999,2025-06-01 03:30:00
52,2,6,3,3999,2025-06-01 03:30:00
52,3,2,4,5999,2025-06-01 03:30:00
52,4,42,1,4999,2025-06-01 03:30:00
53,1,7,4,5999,2025-06-01 03:30:00
54,1,1,2,5999,2025-06-01 03:30:00
55,1,33,2,3999,2025-06-01 03:30:00
55,2,21,1,3999,2025-06-01 03:30:00
56,1,44,1,1999,2025-06-01 03:30:00
56,2,24,2,6999,2025-06-01 03:30:00
57,1,28,1,3499,2025-06-01 03:30:00
57,2,45,2,2499,2025-06-01 03:30:00
57,3,48,3,8999,2025-06-01 03:30:00
58,1,34,1,1999,2025-06-01 03:30:00
59,1,18,2,8999,2025-06-01 03:30:00
59,2,25,2,11999,2025-06-01 03:30:00
59,3,21,3,3999,2025-06-01 03:30:00
60,1,30,2,3499,2025-06-01 03:30:00
60,2,47,2,5999,2025-06-01 03:30:00
60,3,32,4,11999,2025-06-01 03:30:00
61,1,17,1,8999,2025-06-01 03:30:00
61,2,23,1,6999,2025-06-01 03:30:00
61,3,19,4,4999,2025-06-01 03:30:00
62,1,9,1,5999,2025-06-01 03:30:00
62,2,1,3,5999,2025-06-01 03:30:00
62,3,45,1,2499,2025-06-01 03:30:00
63,1,41,3,2499,2025-06-01 03:30:00
63,2,9,1,5999,2025-06-01 03:30:00
64,1,16,2,1999,2025-06-01 03:30:00
64,2,45,1,2499,2025-06-01 03:30:00
64,3,19,1,4999,2025-06-01 03:30:00
65,1,9,2,5999,2025-06-01 03:30:00
65,2,46,2,2499,2025-06-01 03:30:00
65,3,39,2,1999,2025-06-01 03:30:00
66,1,27,3,1999,2025-06-01 03:30:00
66,2,39,4,1999,2025-06-01 03:30:00
66,3,49,4,2999,2025-06-01 03:30:00
66,4,2,2,5999,2025-06-01 03:30:00
66,5,12,4,11999,2025-06-01 03:30:00
67,1,43,2,1999,2025-06-01 03:30:00
67,2,23,1,6999,2025-06-01 03:30:00
67,3,8,2,3999,2025-06-01 03:30:00
68,1,25,4,11999,2025-06-01 03:30:00
68,2,29,3,2499,2025-06-01 03:30:00
69,1,41,2,2499,2025-06-01 03:30:00
69,2,1,4,5999,2025-06-01 03:30:00
69,3,10,1,6999,2025-06-01 03:30:00
70,1,33,3,3999,2025-06-01 03:30:00
70,2,46,1,2499,2025-06-01 03:30:00
70,3,14,2,11999,2025-06-01 03:30:00
70,4,29,3,2499,2025-06-01 03:30:00
71,1,36,3,8999,2025-06-01 03:30:00
71,2,34,4,1999,2025-06-01 03:30:00
71,3,49,3,2999,2025-06-01 03:30:00
71,4,45,4,2499,2025-06-01 03:30:00
72,1,44,1,1999,2025-06-01 03:30:00
72,2,18,2,8999,2025-06-01 03:30:00
72,3,37,2,8999,2025-06-01 03:30:00
72,4,20,3,3999,2025-06-01 03:30:00
72,5,8,2,3999,2025-06-01 03:30:00
73,1,26,2,6999,2025-06-01 03:30:00
73,2,31,4,2499,2025-06-01 03:30:00
73,3,30,3,3499,2025-06-01 03:30:00
74,1,41,2,2499,2025-06-01 03:30:00
75,1,1,4,5999,2025-06-01 03:30:00
76,1,3,2,3999,2025-06-01 03:30:00
76,2,33,4,3999,2025-06-01 03:30:00
76,3,43,4,1999,2025-06-01 03:30:00
77,1,47,1,5999,2025-06-01 03:30:00
77,2,48,4,8999,2025-06-01 03:30:00
78,1,27,3,1999,2025-06-01 03:30:00
78,2,19,4,4999,2025-06-01 03:30:00
78,3,8,4,3999,2025-06-01 03:30:00
78,4,14,2,11999,2025-06-01 03:30:00
78,5,36,1,8999,2025-06-01 03:30:00
79,1,24,4,6999,2025-06-01 03:30:00
79,2,49,2,2999,2025-06-01 03:30:00
79,3,46,3,2499,2025-06-01 03:30:00
79,4,1,3,5999,2025-06-01 03:30:00
79,5,40,2,6999,2025-06-01 03:30:00
79,6,33,1,3999,2025-06-01 03:30:00
80,1,6,4,3999,2025-06-01 03:30:00
80,2,3,1,3999,2025-06-01 03:30:00
80,3,22,4,11999,2025-06-01 03:30:00
81,1,48,1,8999,2025-06-01 03:30:00
82,1,27,1,1999,2025-06-01 03:30:00
83,1,31,4,2499,2025-06-01 03:30:00
84,1,15,2,8999,2025-06-01 03:30:00
85,1,9,2,5999,2025-06-01 03:30:00
85,2,41,2,2499,2025-06-01 03:30:00
86,1,28,4,3499,2025-06-01 03:30:00
86,2,50,4,4999,2025-06-01 03:30:00
86,3,19,1,4999,2025-06-01 03:30:00
86,4,12,4,11999,2025-06-01 03:30:00
87,1,36,3,8999,2025-06-01 03:30:00
87,2,6,4,3999,2025-06-01 03:30:00
87,3,26,4,6999,2025-06-01 03:30:00
87,4,33,4,3999,2025-06-01 03:30:00
88,1,30,1,3499,2025-06-01 03:30:00
88,2,32,1,11999,2025-06-01 03:30:00
88,3,21,1,3999,2025-06-01 03:30:00
89,1,40,1,6999,2025-06-01 03:30:00
89,2,27,4,1999,2025-06-01 03:30:00
90,1,15,2,8999,2025-06-01 03:30:00
90,2,43,2,1999,2025-06-01 03:30:00
90,3,29,4,2499,2025-06-01 03:30:00
91,1,16,2,1999,2025-06-01 03:30:00
91,2,24,3,6999,2025-06-01 03:30:00
92,1,26,4,6999,2025-06-01 03:30:00
92,2,19,4,4999,2025-06-01 03:30:00
92,3,47,1,5999,2025-06-01 03:30:00
93,1,35,4,6999,2025-06-01 03:30:00
93,2,41,1,2499,2025-06-01 03:30:00
93,3,29,2,2499,2025-06-01 03:30:00
93,4,50,1,4999,2025-06-01 03:30:00
93,5,1,4,5999,2025-06-01 03:30:00
94,1,42,2,4999,2025-06-01 03:30:00
94,2,23,1,6999,2025-06-01 03:30:00
95,1,7,1,5999,2025-06-01 03:30:00
95,2,24,3,6999,2025-06-01 03:30:00
96,1,26,4,6999,2025-06-01 03:30:00
96,2,3,4,3999,2025-06-01 03:30:00
96,3,32,4,11999,2025-06-01 03:30:00
96,4,46,1,2499,2025-06-01 03:30:00
96,5,10,3,6999,2025-06-01 03:30:00
97,1,8,1,3999,2025-06-01 03:30:00
98,1,2,2,5999,2025-06-01 03:30:00
99,1,27,3,1999,2025-06-01 03:30:00
99,2,4,4,3499,2025-06-01 03:30:00
100,1,5,4,1999,2025-06-01 03:30:00
100,2,29,2,2499,2025-06-01 03:30:00
100,3,50,2,4999,2025-06-01 03:30:00
100,4,38,3,3999,2025-06-01 03:30:00
100,5,21,4,3999,2025-06-01 03:30:00
101,1,24,2,6999,2025-06-01 03:30:00
101,2,49,4,2999,2025-06-01 03:30:00
101,3,39,4,1999,2025-06-01 03:30:00
102,1,44,4,1999,2025-06-01 03:30:00
102,2,26,1,6999,2025-06-01 03:30:00
102,3,16,4,1999,2025-06-01 03:30:00
103,1,40,4,6999,2025-06-01 03:30:00
103,2,4,3,3499,2025-06-01 03:30:00
103,3,30,3,3499,2025-06-01 03:30:00
104,1,30,3,3499,2025-06-01 03:30:00
104,2,4,2,3499,2025-06-01 03:30:00
104,3,50,4,4999,2025-06-01 03:30:00
104,4,16,4,1999,2025-06-01 03:30:00
104,5,25,2,11999,2025-06-01 03:30:00
105,1,25,2,11999,2025-06-01 03:30:00
106,1,10,3,6999,2025-06-01 03:30:00
106,2,21,3,3999,2025-06-01 03:30:00
106,3,13,1,5999,2025-06-01 03:30:00
107,1,49,3,2999,2025-06-01 03:30:00
108,1,39,3,1999,2025-06-01 03:30:00
109,1,24,2,6999,2025-06-01 03:30:00
109,2,50,1,4999,2025-06-01 03:30:00
109,3,15,3,8999,2025-06-01 03:30:00
110,1,21,1,3999,2025-06-01 03:30:00
110,2,10,2,6999,2025-06-01 03:30:00
110,3,38,1,3999,2025-06-01 03:30:00
110,4,5,4,1999,2025-06-01 03:30:00
111,1,47,4,5999,2025-06-01 03:30:00
111,2,5,1,1999,2025-06-01 03:30:00
111,3,12,2,11999,2025-06-01 03:30:00
111,4,20,4,3999,2025-06-01 03:30:00
112,1,15,4,8999,2025-06-01 03:30:00
113,1,10,3,6999,2025-06-01 03:30:00
114,1,26,1,6999,2025-06-01 03:30:00
114,2,46,4,2499,2025-06-01 03:30:00
115,1,26,4,6999,2025-06-01 03:30:00
115,2,31,4,2499,2025-06-01 03:30:00
115,3,19,3,4999,2025-06-01 03:30:00
115,4,3,2,3999,2025-06-01 03:30:00
116,1,18,4,8999,2025-06-01 03:30:00
117,1,10,2,6999,2025-06-01 03:30:00
118,1,36,2,8999,2025-06-01 03:30:00
118,2,39,2,1999,2025-06-01 03:30:00
119,1,1,3,5999,2025-06-01 03:30:00
119,2,2,2,5999,2025-06-01 03:30:00
119,3,7,2,5999,2025-06-01 03:30:00
119,4,25,4,11999,2025-06-01 03:30:00
120,1,30,3,3499,2025-06-01 03:30:00
121,1,11,1,3499,2025-06-01 03:30:00
121,2,46,3,2499,2025-06-01 03:30:00
121,3,9,1,5999,2025-06-01 03:30:00
121,4,22,2,11999,2025-06-01 03:30:00
122,1,12,4,11999,2025-06-01 03:30:00
123,1,16,1,1999,2025-06-01 03:30:00
124,1,14,2,11999,2025-06-01 03:30:00
124,2,26,1,6999,2025-06-01 03:30:00
124,3,25,1,11999,2025-06-01 03:30:00
124,4,5,4,1999,2025-06-01 03:30:00
125,1,42,2,4999,2025-06-01 03:30:00
125,2,14,4,11999,2025-06-01 03:30:00
125,3,3,1,3999,2025-06-01 03:30:00
126,1,33,1,3999,2025-06-01 03:30:00
126,2,16,3,1999,2025-06-01 03:30:00
126,3,36,4,8999,2025-06-01 03:30:00
126,4,42,1,4999,2025-06-01 03:30:00
127,1,50,4,4999,2025-06-01 03:30:00
127,2,23,2,6999,2025-06-01 03:30:00
128,1,10,3,6999,2025-06-01 03:30:00
128,2,44,2,1999,2025-06-01 03:30:00
128,3,15,4,8999,2025-06-01 03:30:00
128,4,40,1,6999,2025-06-01 03:30:00
129,1,10,3,6999,2025-06-01 03:30:00
129,2,47,4,5999,2025-06-01 03:30:00
129,3,49,3,2999,2025-06-01 03:30:00
130,1,34,3,1999,2025-06-01 03:30:00
130,2,50,3,4999,2025-06-01 03:30:00
130,3,26,2,6999,2025-06-01 03:30:00
131,1,45,3,2499,2025-06-01 03:30:00
131,2,39,3,1999,2025-06-01 03:30:00
131,3,48,3,8999,2025-06-01 03:30:00
132,1,28,4,3499,2025-06-01 03:30:00
132,2,30,3,3499,2025-06-01 03:30:00
132,3,49,2,2999,2025-06-01 03:30:00
132,4,24,2,6999,2025-06-01 03:30:00
132,5,27,3,1999,2025-06-01 03:30:00
133,1,31,1,2499,2025-06-01 03:30:00
134,1,45,4,2499,2025-06-01 03:30:00
134,2,46,3,2499,2025-06-01 03:30:00
134,3,1,4,5999,2025-06-01 03:30:00
135,1,17,1,8999,2025-06-01 03:30:00
135,2,37,2,8999,2025-06-01 03:30:00
136,1,27,3,1999,2025-06-01 03:30:00
137,1,39,4,1999,2025-06-01 03:30:00
137,2,4,3,3499,2025-06-01 03:30:00
137,3,13,1,5999,2025-06-01 03:30:00
137,4,50,2,4999,2025-06-01 03:30:00
137,5,48,4,8999,2025-06-01 03:30:00
138,1,47,1,5999,2025-06-01 03:30:00
138,2,2,4,5999,2025-06-01 03:30:00
139,1,1,1,5999,2025-06-01 03:30:00
139,2,10,4,6999,2025-06-01 03:30:00
139,3,5,1,1999,2025-06-01 03:30:00
140,1,31,3,2499,2025-06-01 03:30:00
141,1,38,1,3999,2025-06-01 03:30:00
142,1,44,2,1999,2025-06-01 03:30:00
142,2,20,2,3999,2025-06-01 03:30:00
142,3,12,1,11999,2025-06-01 03:30:00
143,1,19,1,4999,2025-06-01 03:30:00
143,2,20,4,3999,2025-06-01 03:30:00
143,3,23,1,6999,2025-06-01 03:30:00
144,1,36,4,8999,2025-06-01 03:30:00
145,1,23,3,6999,2025-06-01 03:30:00
145,2,8,1,3999,2025-06-01 03:30:00
145,3,36,3,8999,2025-06-01 03:30:00
146,1,41,4,2499,2025-06-01 03:30:00
146,2,8,3,3999,2025-06-01 03:30:00
146,3,25,4,11999,2025-06-01 03:30:00
147,1,48,3,8999,2025-06-01 03:30:00
148,1,34,2,1999,2025-06-01 03:30:00
148,2,41,1,2499,2025-06-01 03:30:00
148,3,46,2,2499,2025-06-01 03:30:00
149,1,43,2,1999,2025-06-01 03:30:00
149,2,8,4,3999,2025-06-01 03:30:00
150,1,2,4,5999,2025-06-01 03:30:00
151,1,6,1,3999,2025-06-01 03:30:00
152,1,50,4,4999,2025-06-01 03:30:00
152,2,2,1,5999,2025-06-01 03:30:00
152,3,22,3,11999,2025-06-01 03:30:00
153,1,31,4,2499,2025-06-01 03:30:00
153,2,2,2,5999,2025-06-01 03:30:00
153,3,45,4,2499,2025-06-01 03:30:00
153,4,36,4,8999,2025-06-01 03:30:00
154,1,33,4,3999,2025-06-01 03:30:00
154,2,28,3,3499,2025-06-01 03:30:00
154,3,41,3,2499,2025-06-01 03:30:00
155,1,17,1,8999,2025-06-01 03:30:00
155,2,46,3,2499,2025-06-01 03:30:00
155,3,11,2,3499,2025-06-01 03:30:00
155,4,6,4,3999,2025-06-01 03:30:00
155,5,20,3,3999,2025-06-01 03:30:00
156,1,5,1,1999,2025-06-01 03:30:00
156,2,13,1,5999,2025-06-01 03:30:00
156,3,44,3,1999,2025-06-01 03:30:00
157,1,26,1,6999,2025-06-01 03:30:00
157,2,1,4,5999,2025-06-01 03:30:00
157,3,44,4,1999,2025-06-01 03:30:00
158,1,14,2,11999,2025-06-01 03:30:00
158,2,23,2,6999,2025-06-01 03:30:00
158,3,18,3,8999,2025-06-01 03:30:00
158,4,13,4,5999,2025-06-01 03:30:00
159,1,1,2,5999,2025-06-01 03:30:00
159,2,25,3,11999,2025-06-01 03:30:00
159,3,26,3,6999,2025-06-01 03:30:00
159,4,4,1,3499,2025-06-01 03:30:00
160,1,38,1,3999,2025-06-01 03:30:00
160,2,48,1,8999,2025-06-01 03:30:00
160,3,44,2,1999,2025-06-01 03:30:00
160,4,50,4,4999,2025-06-01 03:30:00
161,1,49,2,2999,2025-06-01 03:30:00
161,2,31,2,2499,2025-06-01 03:30:00
161,3,34,3,1999,2025-06-01 03:30:00
161,4,24,4,6999,2025-06-01 03:30:00
161,5,37,2,8999,2025-06-01 03:30:00
162,1,18,1,8999,2025-06-01 03:30:00
162,2,38,3,3999,2025-06-01 03:30:00
162,3,47,1,5999,2025-06-01 03:30:00
162,4,41,3,2499,2025-06-01 03:30:00
163,1,21,1,3999,2025-06-01 03:30:00
163,2,20,1,3999,2025-06-01 03:30:00
163,3,4,1,3499,2025-06-01 03:30:00
164,1,33,3,3999,2025-06-01 03:30:00
165,1,48,2,8999,2025-06-01 03:30:00
166,1,16,4,1999,2025-06-01 03:30:00
166,2,40,1,6999,2025-06-01 03:30:00
166,3,14,1,11999,2025-06-01 03:30:00
167,1,19,3,4999,2025-06-01 03:30:00
168,1,5,1,1999,2025-06-01 03:30:00
168,2,3,2,3999,2025-06-01 03:30:00
168,3,39,2,1999,2025-06-01 03:30:00
169,1,30,4,3499,2025-06-01 03:30:00
169,2,15,3,8999,2025-06-01 03:30:00
169,3,49,4,2999,2025-06-01 03:30:00
170,1,15,2,8999,2025-06-01 03:30:00
170,2,42,4,4999,2025-06-01 03:30:00
170,3,40,4,6999,2025-06-01 03:30:00
171,1,45,2,2499,2025-06-01 03:30:00
171,2,12,2,11999,2025-06-01 03:30:00
172,1,2,3,5999,2025-06-01 03:30:00
173,1,5,1,1999,2025-06-01 03:30:00
173,2,36,2,8999,2025-06-01 03:30:00
173,3,19,4,4999,2025-06-01 03:30:00
173,4,30,4,3499,2025-06-01 03:30:00
174,1,36,2,8999,2025-06-01 03:30:00
174,2,18,4,8999,2025-06-01 03:30:00
174,3,26,3,6999,2025-06-01 03:30:00
174,4,24,3,6999,2025-06-01 03:30:00
175,1,29,3,2499,2025-06-01 03:30:00
176,1,14,3,11999,2025-06-01 03:30:00
176,2,4,4,3499,2025-06-01 03:30:00
176,3,49,2,2999,2025-06-01 03:30:00
176,4,7,1,5999,2025-06-01 03:30:00
177,1,8,2,3999,2025-06-01 03:30:00
177,2,32,1,11999,2025-06-01 03:30:00
177,3,13,1,5999,2025-06-01 03:30:00
178,1,11,2,3499,2025-06-01 03:30:00
178,2,32,3,11999,2025-06-01 03:30:00
178,3,31,1,2499,2025-06-01 03:30:00
179,1,47,1,5999,2025-06-01 03:30:00
180,1,36,4,8999,2025-06-01 03:30:00
180,2,29,2,2499,2025-06-01 03:30:00
180,3,12,3,11999,2025-06-01 03:30:00
180,4,16,4,1999,2025-06-01 03:30:00
181,1,2,3,5999,2025-06-01 03:30:00
181,2,28,2,3499,2025-06-01 03:30:00
181,3,47,4,5999,2025-06-01 03:30:00
181,4,24,4,6999,2025-06-01 03:30:00
182,1,38,2,3999,2025-06-01 03:30:00
182,2,44,1,1999,2025-06-01 03:30:00
183,1,22,3,11999,2025-06-01 03:30:00
183,2,36,1,8999,2025-06-01 03:30:00
183,3,2,3,5999,2025-06-01 03:30:00
184,1,32,1,11999,2025-06-01 03:30:00
184,2,18,3,8999,2025-06-01 03:30:00
184,3,2,1,5999,2025-06-01 03:30:00
185,1,13,1,5999,2025-06-01 03:30:00
185,2,24,1,6999,2025-06-01 03:30:00
185,3,47,2,5999,2025-06-01 03:30:00
185,4,10,1,6999,2025-06-01 03:30:00
186,1,18,3,8999,2025-06-01 03:30:00
186,2,20,4,3999,2025-06-01 03:30:00
186,3,26,3,6999,2025-06-01 03:30:00
187,1,3,4,3999,2025-06-01 03:30:00
188,1,48,3,8999,2025-06-01 03:30:00
188,2,28,2,3499,2025-06-01 03:30:00
188,3,32,2,11999,2025-06-01 03:30:00
189,1,5,1,1999,2025-06-01 03:30:00
189,2,1,2,5999,2025-06-01 03:30:00
189,3,10,2,6999,2025-06-01 03:30:00
190,1,33,1,3999,2025-06-01 03:30:00
191,1,48,3,8999,2025-06-01 03:30:00
192,1,10,2,6999,2025-06-01 03:30:00
193,1,13,2,5999,2025-06-01 03:30:00
193,2,49,4,2999,2025-06-01 03:30:00
193,3,28,2,3499,2025-06-01 03:30:00
194,1,30,1,3499,2025-06-01 03:30:00
194,2,13,2,5999,2025-06-01 03:30:00
194,3,6,2,3999,2025-06-01 03:30:00
194,4,16,3,1999,2025-06-01 03:30:00
195,1,34,2,1999,2025-06-01 03:30:00
196,1,16,4,1999,2025-06-01 03:30:00
196,2,24,3,6999,2025-06-01 03:30:00
197,1,29,2,2499,2025-06-01 03:30:00
197,2,2,2,5999,2025-06-01 03:30:00
198,1,36,4,8999,2025-06-01 03:30:00
199,1,36,3,8999,2025-06-01 03:30:00
200,1,45,1,2499,2025-06-01 03:30:00
200,2,36,1,8999,2025-06-01 03:30:00
200,3,16,4,1999,2025-06-01 03:30:00
200,4,18,1,8999,2025-06-01 03:30:00
201,1,39,2,1999,2025-06-01 03:30:00
201,2,45,2,2499,2025-06-01 03:30:00
201,3,36,4,8999,2025-06-01 03:30:00
201,4,41,1,2499,2025-06-01 03:30:00
201,5,46,4,2499,2025-06-01 03:30:00
202,1,41,2,2499,2025-06-01 03:30:00
202,2,13,4,5999,2025-06-01 03:30:00
203,1,5,3,1999,2025-06-01 03:30:00
203,2,3,3,3999,2025-06-01 03:30:00
204,1,31,3,2499,2025-06-01 03:30:00
204,2,8,2,3999,2025-06-01 03:30:00
204,3,38,1,3999,2025-06-01 03:30:00
204,4,12,2,11999,2025-06-01 03:30:00
205,1,11,1,3499,2025-06-01 03:30:00
206,1,2,2,5999,2025-06-01 03:30:00
206,2,24,4,6999,2025-06-01 03:30:00
206,3,25,2,11999,2025-06-01 03:30:00
206,4,12,4,11999,2025-06-01 03:30:00
207,1,8,4,3999,2025-06-01 03:30:00
207,2,21,3,3999,2025-06-01 03:30:00
207,3,45,4,2499,2025-06-01 03:30:00
208,1,14,3,11999,2025-06-01 03:30:00
208,2,18,2,8999,2025-06-01 03:30:00
208,3,39,3,1999,2025-06-01 03:30:00
209,1,25,3,11999,2025-06-01 03:30:00
209,2,11,4,3499,2025-06-01 03:30:00
209,3,28,1,3499,2025-06-01 03:30:00
209,4,43,4,1999,2025-06-01 03:30:00
209,5,19,3,4999,2025-06-01 03:30:00
210,1,24,3,6999,2025-06-01 03:30:00
210,2,8,2,3999,2025-06-01 03:30:00
210,3,47,4,5999,2025-06-01 03:30:00
211,1,35,1,6999,2025-06-01 03:30:00
211,2,49,3,2999,2025-06-01 03:30:00
211,3,22,4,11999,2025-06-01 03:30:00
212,1,23,2,6999,2025-06-01 03:30:00
213,1,18,1,8999,2025-06-01 03:30:00
213,2,25,3,11999,2025-06-01 03:30:00
213,3,42,1,4999,2025-06-01 03:30:00
214,1,45,3,2499,2025-06-01 03:30:00
214,2,48,2,8999,2025-06-01 03:30:00
215,1,25,4,11999,2025-06-01 03:30:00
215,2,45,4,2499,2025-06-01 03:30:00
215,3,31,1,2499,2025-06-01 03:30:00
215,4,16,2,1999,2025-06-01 03:30:00
215,5,43,1,1999,2025-06-01 03:30:00
216,1,18,3,8999,2025-06-01 03:30:00
216,2,50,3,4999,2025-06-01 03:30:00
216,3,27,3,1999,2025-06-01 03:30:00
216,4,24,1,6999,2025-06-01 03:30:00
217,1,29,4,2499,2025-06-01 03:30:00
217,2,14,3,11999,2025-06-01 03:30:00
218,1,4,1,3499,2025-06-01 03:30:00
218,2,41,3,2499,2025-06-01 03:30:00
219,1,30,1,3499,2025-06-01 03:30:00
219,2,10,1,6999,2025-06-01 03:30:00
220,1,21,4,3999,2025-06-01 03:30:00
221,1,28,1,3499,2025-06-01 03:30:00
221,2,46,4,2499,2025-06-01 03:30:00
222,1,36,4,8999,2025-06-01 03:30:00
222,2,17,1,8999,2025-06-01 03:30:00
222,3,42,3,4999,2025-06-01 03:30:00
223,1,9,1,5999,2025-06-01 03:30:00
223,2,50,2,4999,2025-06-01 03:30:00
223,3,35,4,6999,2025-06-01 03:30:00
223,4,5,3,1999,2025-06-01 03:30:00
224,1,11,3,3499,2025-06-01 03:30:00
224,2,20,4,3999,2025-06-01 03:30:00
224,3,34,1,1999,2025-06-01 03:30:00
224,4,5,3,1999,2025-06-01 03:30:00
225,1,33,1,3999,2025-06-01 03:30:00
225,2,4,3,3499,2025-06-01 03:30:00
225,3,42,3,4999,2025-06-01 03:30:00
225,4,15,4,8999,2025-06-01 03:30:00
226,1,48,1,8999,2025-06-01 03:30:00
227,1,46,3,2499,2025-06-01 03:30:00
227,2,42,3,4999,2025-06-01 03:30:00
228,1,26,2,6999,2025-06-01 03:30:00
228,2,43,2,1999,2025-06-01 03:30:00
229,1,6,1,3999,2025-06-01 03:30:00
229,2,48,1,8999,2025-06-01 03:30:00
230,1,18,2,8999,2025-06-01 03:30:00
231,1,32,1,11999,2025-06-01 03:30:00
231,2,21,2,3999,2025-06-01 03:30:00
231,3,36,1,8999,2025-06-01 03:30:00
232,1,18,4,8999,2025-06-01 03:30:00
232,2,21,4,3999,2025-06-01 03:30:00
233,1,44,2,1999,2025-06-01 03:30:00
233,2,3,4,3999,2025-06-01 03:30:00
233,3,41,1,2499,2025-06-01 03:30:00
234,1,47,4,5999,2025-06-01 03:30:00
234,2,10,3,6999,2025-06-01 03:30:00
234,3,17,1,8999,2025-06-01 03:30:00
234,4,35,2,6999,2025-06-01 03:30:00
235,1,4,1,3499,2025-06-01 03:30:00
235,2,46,2,2499,2025-06-01 03:30:00
235,3,38,4,3999,2025-06-01 03:30:00
236,1,36,3,8999,2025-06-01 03:30:00
236,2,23,4,6999,2025-06-01 03:30:00
236,3,6,2,3999,2025-06-01 03:30:00
237,1,17,1,8999,2025-06-01 03:30:00
237,2,14,1,11999,2025-06-01 03:30:00
237,3,19,3,4999,2025-06-01 03:30:00
238,1,25,3,11999,2025-06-01 03:30:00
239,1,18,4,8999,2025-06-01 03:30:00
239,2,43,2,1999,2025-06-01 03:30:00
240,1,26,2,6999,2025-06-01 03:30:00
241,1,11,2,3499,2025-06-01 03:30:00
242,1,42,4,4999,2025-06-01 03:30:00
242,2,2,4,5999,2025-06-01 03:30:00
243,1,8,1,3999,2025-06-01 03:30:00
243,2,35,4,6999,2025-06-01 03:30:00
243,3,13,4,5999,2025-06-01 03:30:00
243,4,41,3,2499,2025-06-01 03:30:00
244,1,39,2,1999,2025-06-01 03:30:00
244,2,18,1,8999,2025-06-01 03:30:00
244,3,46,1,2499,2025-06-01 03:30:00
244,4,47,2,5999,2025-06-01 03:30:00
245,1,35,4,6999,2025-06-01 03:30:00
245,2,47,1,5999,2025-06-01 03:30:00
246,1,33,2,3999,2025-06-01 03:30:00
246,2,43,4,1999,2025-06-01 03:30:00
247,1,44,3,1999,2025-06-01 03:30:00
247,2,46,2,2499,2025-06-01 03:30:00
247,3,29,2,2499,2025-06-01 03:30:00
248,1,23,1,6999,2025-06-01 03:30:00
248,2,11,3,3499,2025-06-01 03:30:00
248,3,35,2,6999,2025-06-01 03:30:00
248,4,16,3,1999,2025-06-01 03:30:00
249,1,37,1,8999,2025-06-01 03:30:00
249,2,7,2,5999,2025-06-01 03:30:00
249,3,19,4,4999,2025-06-01 03:30:00
249,4,31,3,2499,2025-06-01 03:30:00
249,5,20,4,3999,2025-06-01 03:30:00
250,1,18,4,8999,2025-06-01 03:30:00
250,2,46,4,2499,2025-06-01 03:30:00
250,3,32,1,11999,2025-06-01 03:30:00
250,4,4,1,3499,2025-06-01 03:30:00
251,1,27,3,1999,2025-06-01 03:30:00
252,1,10,4,6999,2025-06-01 03:30:00
252,2,43,3,1999,2025-06-01 03:30:00
252,3,49,3,2999,2025-06-01 03:30:00
253,1,6,4,3999,2025-06-01 03:30:00
253,2,45,2,2499,2025-06-01 03:30:00
253,3,8,2,3999,2025-06-01 03:30:00
254,1,45,4,2499,2025-06-01 03:30:00
255,1,25,4,11999,2025-06-01 03:30:00
255,2,37,2,8999,2025-06-01 03:30:00
255,3,13,1,5999,2025-06-01 03:30:00
255,4,33,1,3999,2025-06-01 03:30:00
256,1,4,4,3499,2025-06-01 03:30:00
256,2,27,3,1999,2025-06-01 03:30:00
256,3,48,3,8999,2025-06-01 03:30:00
256,4,23,2,6999,2025-06-01 03:30:00
257,1,36,3,8999,2025-06-01 03:30:00
257,2,17,3,8999,2025-06-01 03:30:00
257,3,35,2,6999,2025-06-01 03:30:00
258,1,31,1,2499,2025-06-01 03:30:00
259,1,46,1,2499,2025-06-01 03:30:00
259,2,15,3,8999,2025-06-01 03:30:00
260,1,15,2,8999,2025-06-01 03:30:00
260,2,8,3,3999,2025-06-01 03:30:00
261,1,29,1,2499,2025-06-01 03:30:00
262,1,43,2,1999,2025-06-01 03:30:00
263,1,26,4,6999,2025-06-01 03:30:00
263,2,50,3,4999,2025-06-01 03:30:00
263,3,24,2,6999,2025-06-01 03:30:00
264,1,43,3,1999,2025-06-01 03:30:00
264,2,20,3,3999,2025-06-01 03:30:00
264,3,27,3,1999,2025-06-01 03:30:00
265,1,2,3,5999,2025-06-01 03:30:00
265,2,45,1,2499,2025-06-01 03:30:00
265,3,15,2,8999,2025-06-01 03:30:00
265,4,28,3,3499,2025-06-01 03:30:00
265,5,27,4,1999,2025-06-01 03:30:00
266,1,2,2,5999,2025-06-01 03:30:00
266,2,9,3,5999,2025-06-01 03:30:00
266,3,49,2,2999,2025-06-01 03:30:00
266,4,16,4,1999,2025-06-01 03:30:00
266,5,40,3,6999,2025-06-01 03:30:00
266,6,25,2,11999,2025-06-01 03:30:00
267,1,18,2,8999,2025-06-01 03:30:00
267,2,35,3,6999,2025-06-01 03:30:00
268,1,30,4,3499,2025-06-01 03:30:00
269,1,50,1,4999,2025-06-01 03:30:00
269,2,5,3,1999,2025-06-01 03:30:00
270,1,5,1,1999,2025-06-01 03:30:00
270,2,47,3,5999,2025-06-01 03:30:00
271,1,27,4,1999,2025-06-01 03:30:00
272,1,36,2,8999,2025-06-01 03:30:00
272,2,22,4,11999,2025-06-01 03:30:00
272,3,24,1,6999,2025-06-01 03:30:00
273,1,38,3,3999,2025-06-01 03:30:00
273,2,16,2,1999,2025-06-01 03:30:00
274,1,27,2,1999,2025-06-01 03:30:00
275,1,35,4,6999,2025-06-01 03:30:00
276,1,19,1,4999,2025-06-01 03:30:00
276,2,28,2,3499,2025-06-01 03:30:00
277,1,35,4,6999,2025-06-01 03:30:00
277,2,11,2,3499,2025-06-01 03:30:00
278,1,1,2,5999,2025-06-01 03:30:00
278,2,26,2,6999,2025-06-01 03:30:00
278,3,24,3,6999,2025-06-01 03:30:00
278,4,13,3,5999,2025-06-01 03:30:00
279,1,42,1,4999,2025-06-01 03:30:00
279,2,12,4,11999,2025-06-01 03:30:00
280,1,35,2,6999,2025-06-01 03:30:00
281,1,8,4,3999,2025-06-01 03:30:00
281,2,16,3,1999,2025-06-01 03:30:00
281,3,40,4,6999,2025-06-01 03:30:00
281,4,46,3,2499,2025-06-01 03:30:00
282,1,33,2,3999,2025-06-01 03:30:00
282,2,37,3,8999,2025-06-01 03:30:00
283,1,27,2,1999,2025-06-01 03:30:00
283,2,38,2,3999,2025-06-01 03:30:00
283,3,22,3,11999,2025-06-01 03:30:00
283,4,47,4,5999,2025-06-01 03:30:00
284,1,47,1,5999,2025-06-01 03:30:00
284,2,49,4,2999,2025-06-01 03:30:00
285,1,43,3,1999,2025-06-01 03:30:00
285,2,42,3,4999,2025-06-01 03:30:00
285,3,31,4,2499,2025-06-01 03:30:00
286,1,15,4,8999,2025-06-01 03:30:00
287,1,25,1,11999,2025-06-01 03:30:00
287,2,3,2,3999,2025-06-01 03:30:00
287,3,28,4,3499,2025-06-01 03:30:00
288,1,8,2,3999,2025-06-01 03:30:00
288,2,11,3,3499,2025-06-01 03:30:00
288,3,20,1,3999,2025-06-01 03:30:00
289,1,30,1,3499,2025-06-01 03:30:00
289,2,25,3,11999,2025-06-01 03:30:00
290,1,32,1,11999,2025-06-01 03:30:00
290,2,2,4,5999,2025-06-01 03:30:00
290,3,47,3,5999,2025-06-01 03:30:00
290,4,14,1,11999,2025-06-01 03:30:00
291,1,49,4,2999,2025-06-01 03:30:00
291,2,17,3,8999,2025-06-01 03:30:00
291,3,7,4,5999,2025-06-01 03:30:00
292,1,26,3,6999,2025-06-01 03:30:00
292,2,9,4,5999,2025-06-01 03:30:00
292,3,15,1,8999,2025-06-01 03:30:00
293,1,25,3,11999,2025-06-01 03:30:00
293,2,35,2,6999,2025-06-01 03:30:00
293,3,8,3,3999,2025-06-01 03:30:00
294,1,14,1,11999,2025-06-01 03:30:00
294,2,4,3,3499,2025-06-01 03:30:00
294,3,7,1,5999,2025-06-01 03:30:00
295,1,45,1,2499,2025-06-01 03:30:00
295,2,3,3,3999,2025-06-01 03:30:00
295,3,43,4,1999,2025-06-01 03:30:00
295,4,36,1,8999,2025-06-01 03:30:00
295,5,22,3,11999,2025-06-01 03:30:00
296,1,11,1,3499,2025-06-01 03:30:00
296,2,41,1,2499,2025-06-01 03:30:00
296,3,8,1,3999,2025-06-01 03:30:00
297,1,42,4,4999,2025-06-01 03:30:00
297,2,14,1,11999,2025-06-01 03:30:00
297,3,31,3,2499,2025-06-01 03:30:00
297,4,33,2,3999,2025-06-01 03:30:00
297,5,27,1,1999,2025-06-01 03:30:00
297,6,8,4,3999,2025-06-01 03:30:00
298,1,9,1,5999,2025-06-01 03:30:00
298,2,29,4,2499,2025-06-01 03:30:00
298,3,31,2,2499,2025-06-01 03:30:00
298,4,43,1,1999,2025-06-01 03:30:00
299,1,18,1,8999,2025-06-01 03:30:00
299,2,28,2,3499,2025-06-01 03:30:00
299,3,48,3,8999,2025-06-01 03:30:00
300,1,17,3,8999,2025-06-01 03:30:00
300,2,13,4,5999,2025-06-01 03:30:00
301,1,24,4,6999,2025-06-01 03:30:00
301,2,49,1,2999,2025-06-01 03:30:00
301,3,3,1,3999,2025-06-01 03:30:00
302,1,12,2,11999,2025-06-01 03:30:00
303,1,41,2,2499,2025-06-01 03:30:00
303,2,8,3,3999,2025-06-01 03:30:00
303,3,4,2,3499,2025-06-01 03:30:00
303,4,6,2,3999,2025-06-01 03:30:00
304,1,43,1,1999,2025-06-01 03:30:00
305,1,16,1,1999,2025-06-01 03:30:00
306,1,36,1,8999,2025-06-01 03:30:00
306,2,21,3,3999,2025-06-01 03:30:00
306,3,11,3,3499,2025-06-01 03:30:00
306,4,44,3,1999,2025-06-01 03:30:00
306,5,26,3,6999,2025-06-01 03:30:00
307,1,18,1,8999,2025-06-01 03:30:00
307,2,34,1,1999,2025-06-01 03:30:00
308,1,3,1,3999,2025-06-01 03:30:00
308,2,50,4,4999,2025-06-01 03:30:00
308,3,5,1,1999,2025-06-01 03:30:00
308,4,45,4,2499,2025-06-01 03:30:00
308,5,38,1,3999,2025-06-01 03:30:00
308,6,48,1,8999,2025-06-01 03:30:00
309,1,48,4,8999,2025-06-01 03:30:00
309,2,26,4,6999,2025-06-01 03:30:00
309,3,43,4,1999,2025-06-01 03:30:00
310,1,2,1,5999,2025-06-01 03:30:00
310,2,16,3,1999,2025-06-01 03:30:00
311,1,11,2,3499,2025-06-01 03:30:00
311,2,5,4,1999,2025-06-01 03:30:00
312,1,24,1,6999,2025-06-01 03:30:00
312,2,6,2,3999,2025-06-01 03:30:00
312,3,49,1,2999,2025-06-01 03:30:00
313,1,36,2,8999,2025-06-01 03:30:00
313,2,47,4,5999,2025-06-01 03:30:00
313,3,42,1,4999,2025-06-01 03:30:00
313,4,33,2,3999,2025-06-01 03:30:00
314,1,19,3,4999,2025-06-01 03:30:00
314,2,14,1,11999,2025-06-01 03:30:00
314,3,1,2,5999,2025-06-01 03:30:00
314,4,12,3,11999,2025-06-01 03:30:00
314,5,38,2,3999,2025-06-01 03:30:00
315,1,7,2,5999,2025-06-01 03:30:00
315,2,2,1,5999,2025-06-01 03:30:00
315,3,25,1,11999,2025-06-01 03:30:00
315,4,5,4,1999,2025-06-01 03:30:00
316,1,47,1,5999,2025-06-01 03:30:00
316,2,45,1,2499,2025-06-01 03:30:00
316,3,48,2,8999,2025-06-01 03:30:00
316,4,35,3,6999,2025-06-01 03:30:00
317,1,39,1,1999,2025-06-01 03:30:00
317,2,25,4,11999,2025-06-01 03:30:00
317,3,11,1,3499,2025-06-01 03:30:00
317,4,41,1,2499,2025-06-01 03:30:00
317,5,45,1,2499,2025-06-01 03:30:00
318,1,19,1,4999,2025-06-01 03:30:00
318,2,10,4,6999,2025-06-01 03:30:00
319,1,3,4,3999,2025-06-01 03:30:00
319,2,14,1,11999,2025-06-01 03:30:00
319,3,25,3,11999,2025-06-01 03:30:00
319,4,35,1,6999,2025-06-01 03:30:00
319,5,43,4,1999,2025-06-01 03:30:00
319,6,40,4,6999,2025-06-01 03:30:00
320,1,18,1,8999,2025-06-01 03:30:00
320,2,19,4,4999,2025-06-01 03:30:00
320,3,48,4,8999,2025-06-01 03:30:00
320,4,2,4,5999,2025-06-01 03:30:00
321,1,1,1,5999,2025-06-01 03:30:00
321,2,9,3,5999,2025-06-01 03:30:00
321,3,48,3,8999,2025-06-01 03:30:00
322,1,3,1,3999,2025-06-01 03:30:00
323,1,33,1,3999,2025-06-01 03:30:00
324,1,49,1,2999,2025-06-01 03:30:00
324,2,27,1,1999,2025-06-01 03:30:00
324,3,26,3,6999,2025-06-01 03:30:00
325,1,47,3,5999,2025-06-01 03:30:00
326,1,39,2,1999,2025-06-01 03:30:00
326,2,1,3,5999,2025-06-01 03:30:00
327,1,15,1,8999,2025-06-01 03:30:00
327,2,41,2,2499,2025-06-01 03:30:00
327,3,34,4,1999,2025-06-01 03:30:00
327,4,10,3,6999,2025-06-01 03:30:00
328,1,25,2,11999,2025-06-01 03:30:00
328,2,16,2,1999,2025-06-01 03:30:00
329,1,31,3,2499,2025-06-01 03:30:00
329,2,19,4,4999,2025-06-01 03:30:00
329,3,11,3,3499,2025-06-01 03:30:00
329,4,1,4,5999,2025-06-01 03:30:00
329,5,4,1,3499,2025-06-01 03:30:00
330,1,18,3,8999,2025-06-01 03:30:00
330,2,44,1,1999,2025-06-01 03:30:00
331,1,18,4,8999,2025-06-01 03:30:00
331,2,1,1,5999,2025-06-01 03:30:00
331,3,47,3,5999,2025-06-01 03:30:00
331,4,26,2,6999,2025-06-01 03:30:00
332,1,36,3,8999,2025-06-01 03:30:00
333,1,23,1,6999,2025-06-01 03:30:00
333,2,19,2,4999,2025-06-01 03:30:00
333,3,12,1,11999,2025-06-01 03:30:00
333,4,24,3,6999,2025-06-01 03:30:00
334,1,4,1,3499,2025-06-01 03:30:00
334,2,25,2,11999,2025-06-01 03:30:00
335,1,31,3,2499,2025-06-01 03:30:00
335,2,3,4,3999,2025-06-01 03:30:00
335,3,29,1,2499,2025-06-01 03:30:00
336,1,28,1,3499,2025-06-01 03:30:00
337,1,48,3,8999,2025-06-01 03:30:00
338,1,43,1,1999,2025-06-01 03:30:00
339,1,39,1,1999,2025-06-01 03:30:00
339,2,35,3,6999,2025-06-01 03:30:00
339,3,37,1,8999,2025-06-01 03:30:00
339,4,15,1,8999,2025-06-01 03:30:00
340,1,10,3,6999,2025-06-01 03:30:00
341,1,27,2,1999,2025-06-01 03:30:00
342,1,6,2,3999,2025-06-01 03:30:00
342,2,26,3,6999,2025-06-01 03:30:00
342,3,13,4,5999,2025-06-01 03:30:00
343,1,2,4,5999,2025-06-01 03:30:00
343,2,21,3,3999,2025-06-01 03:30:00
344,1,45,4,2499,2025-06-01 03:30:00
345,1,21,1,3999,2025-06-01 03:30:00
345,2,42,3,4999,2025-06-01 03:30:00
346,1,45,4,2499,2025-06-01 03:30:00
346,2,29,1,2499,2025-06-01 03:30:00
346,3,40,3,6999,2025-06-01 03:30:00
346,4,11,3,3499,2025-06-01 03:30:00
346,5,50,2,4999,2025-06-01 03:30:00
347,1,42,2,4999,2025-06-01 03:30:00
347,2,50,1,4999,2025-06-01 03:30:00
348,1,19,3,4999,2025-06-01 03:30:00
349,1,36,3,8999,2025-06-01 03:30:00
350,1,13,4,5999,2025-06-01 03:30:00
350,2,44,1,1999,2025-06-01 03:30:00
350,3,48,2,8999,2025-06-01 03:30:00
351,1,47,1,5999,2025-06-01 03:30:00
351,2,20,3,3999,2025-06-01 03:30:00
351,3,37,2,8999,2025-06-01 03:30:00
352,1,12,1,11999,2025-06-01 03:30:00
352,2,30,2,3499,2025-06-01 03:30:00
352,3,43,4,1999,2025-06-01 03:30:00
353,1,25,3,11999,2025-06-01 03:30:00
353,2,35,1,6999,2025-06-01 03:30:00
354,1,40,4,6999,2025-06-01 03:30:00
354,2,32,1,11999,2025-06-01 03:30:00
354,3,21,1,3999,2025-06-01 03:30:00
355,1,7,2,5999,2025-06-01 03:30:00
355,2,47,3,5999,2025-06-01 03:30:00
355,3,45,1,2499,2025-06-01 03:30:00
356,1,35,2,6999,2025-06-01 03:30:00
356,2,13,1,5999,2025-06-01 03:30:00
356,3,16,1,1999,2025-06-01 03:30:00
357,1,7,3,5999,2025-06-01 03:30:00
357,2,8,4,3999,2025-06-01 03:30:00
358,1,32,3,11999,2025-06-01 03:30:00
358,2,34,1,1999,2025-06-01 03:30:00
358,3,43,1,1999,2025-06-01 03:30:00
359,1,39,2,1999,2025-06-01 03:30:00
360,1,13,1,5999,2025-06-01 03:30:00
360,2,38,3,3999,2025-06-01 03:30:00
360,3,31,1,2499,2025-06-01 03:30:00
361,1,48,2,8999,2025-06-01 03:30:00
361,2,17,2,8999,2025-06-01 03:30:00
361,3,38,3,3999,2025-06-01 03:30:00
362,1,1,3,5999,2025-06-01 03:30:00
362,2,41,1,2499,2025-06-01 03:30:00
362,3,48,4,8999,2025-06-01 03:30:00
363,1,20,3,3999,2025-06-01 03:30:00
364,1,15,2,8999,2025-06-01 03:30:00
364,2,23,1,6999,2025-06-01 03:30:00
364,3,41,3,2499,2025-06-01 03:30:00
364,4,47,4,5999,2025-06-01 03:30:00
364,5,30,2,3499,2025-06-01 03:30:00
365,1,50,4,4999,2025-06-01 03:30:00
365,2,39,3,1999,2025-06-01 03:30:00
365,3,8,3,3999,2025-06-01 03:30:00
366,1,4,3,3499,2025-06-01 03:30:00
366,2,33,4,3999,2025-06-01 03:30:00
366,3,24,4,6999,2025-06-01 03:30:00
367,1,22,1,11999,2025-06-01 03:30:00
367,2,21,4,3999,2025-06-01 03:30:00
367,3,13,3,5999,2025-06-01 03:30:00
368,1,4,4,3499,2025-06-01 03:30:00
368,2,35,4,6999,2025-06-01 03:30:00
369,1,4,1,3499,2025-06-01 03:30:00
369,2,37,1,8999,2025-06-01 03:30:00
370,1,16,4,1999,2025-06-01 03:30:00
371,1,9,2,5999,2025-06-01 03:30:00
372,1,1,1,5999,2025-06-01 03:30:00
372,2,3,4,3999,2025-06-01 03:30:00
372,3,47,3,5999,2025-06-01 03:30:00
372,4,17,3,8999,2025-06-01 03:30:00
373,1,33,1,3999,2025-06-01 03:30:00
373,2,30,1,3499,2025-06-01 03:30:00
373,3,41,2,2499,2025-06-01 03:30:00
374,1,31,4,2499,2025-06-01 03:30:00
374,2,12,3,11999,2025-06-01 03:30:00
374,3,32,4,11999,2025-06-01 03:30:00
374,4,11,4,3499,2025-06-01 03:30:00
375,1,12,2,11999,2025-06-01 03:30:00
375,2,40,1,6999,2025-06-01 03:30:00
376,1,24,4,6999,2025-06-01 03:30:00
376,2,33,2,3999,2025-06-01 03:30:00
377,1,40,2,6999,2025-06-01 03:30:00
378,1,18,1,8999,2025-06-01 03:30:00
378,2,45,1,2499,2025-06-01 03:30:00
378,3,35,4,6999,2025-06-01 03:30:00
379,1,33,3,3999,2025-06-01 03:30:00
379,2,38,2,3999,2025-06-01 03:30:00
379,3,32,4,11999,2025-06-01 03:30:00
380,1,48,2,8999,2025-06-01 03:30:00
381,1,30,1,3499,2025-06-01 03:30:00
381,2,20,1,3999,2025-06-01 03:30:00
382,1,38,3,3999,2025-06-01 03:30:00
382,2,19,3,4999,2025-06-01 03:30:00
382,3,45,3,2499,2025-06-01 03:30:00
383,1,47,3,5999,2025-06-01 03:30:00
383,2,48,4,8999,2025-06-01 03:30:00
383,3,34,3,1999,2025-06-01 03:30:00
383,4,1,3,5999,2025-06-01 03:30:00
384,1,49,3,2999,2025-06-01 03:30:00
384,2,47,2,5999,2025-06-01 03:30:00
384,3,28,2,3499,2025-06-01 03:30:00
384,4,24,2,6999,2025-06-01 03:30:00
385,1,13,2,5999,2025-06-01 03:30:00
385,2,20,4,3999,2025-06-01 03:30:00
385,3,1,2,5999,2025-06-01 03:30:00
385,4,21,3,3999,2025-06-01 03:30:00
385,5,44,2,1999,2025-06-01 03:30:00
385,6,40,1,6999,2025-06-01 03:30:00
386,1,10,3,6999,2025-06-01 03:30:00
386,2,11,3,3499,2025-06-01 03:30:00
387,1,19,1,4999,2025-06-01 03:30:00
387,2,41,2,2499,2025-06-01 03:30:00
387,3,13,2,5999,2025-06-01 03:30:00
387,4,17,2,8999,2025-06-01 03:30:00
387,5,48,2,8999,2025-06-01 03:30:00
388,1,36,3,8999,2025-06-01 03:30:00
388,2,13,1,5999,2025-06-01 03:30:00
389,1,37,2,8999,2025-06-01 03:30:00
389,2,36,2,8999,2025-06-01 03:30:00
390,1,33,1,3999,2025-06-01 03:30:00
390,2,4,4,3499,2025-06-01 03:30:00
390,3,49,2,2999,2025-06-01 03:30:00
390,4,6,4,3999,2025-06-01 03:30:00
390,5,42,4,4999,2025-06-01 03:30:00
391,1,28,2,3499,2025-06-01 03:30:00
391,2,39,3,1999,2025-06-01 03:30:00
391,3,49,2,2999,2025-06-01 03:30:00
392,1,33,1,3999,2025-06-01 03:30:00
392,2,6,2,3999,2025-06-01 03:30:00
392,3,39,4,1999,2025-06-01 03:30:00
393,1,30,1,3499,2025-06-01 03:30:00
393,2,21,3,3999,2025-06-01 03:30:00
393,3,28,1,3499,2025-06-01 03:30:00
393,4,7,4,5999,2025-06-01 03:30:00
394,1,11,3,3499,2025-06-01 03:30:00
394,2,22,1,11999,2025-06-01 03:30:00
395,1,40,1,6999,2025-06-01 03:30:00
395,2,28,4,3499,2025-06-01 03:30:00
395,3,35,1,6999,2025-06-01 03:30:00
395,4,31,3,2499,2025-06-01 03:30:00
395,5,21,2,3999,2025-06-01 03:30:00
396,1,40,4,6999,2025-06-01 03:30:00
396,2,37,4,8999,2025-06-01 03:30:00
397,1,10,1,6999,2025-06-01 03:30:00
397,2,4,4,3499,2025-06-01 03:30:00
397,3,33,3,3999,2025-06-01 03:30:00
398,1,41,2,2499,2025-06-01 03:30:00
399,1,5,1,1999,2025-06-01 03:30:00
400,1,43,3,1999,2025-06-01 03:30:00
400,2,4,4,3499,2025-06-01 03:30:00
400,3,19,4,4999,2025-06-01 03:30:00
401,1,16,4,1999,2025-06-01 03:30:00
401,2,37,4,8999,2025-06-01 03:30:00
401,3,3,3,3999,2025-06-01 03:30:00
401,4,21,3,3999,2025-06-01 03:30:00
401,5,18,1,8999,2025-06-01 03:30:00
402,1,37,3,8999,2025-06-01 03:30:00
402,2,43,3,1999,2025-06-01 03:30:00
402,3,21,2,3999,2025-06-01 03:30:00
402,4,9,3,5999,2025-06-01 03:30:00
403,1,50,3,4999,2025-06-01 03:30:00
403,2,12,2,11999,2025-06-01 03:30:00
404,1,3,3,3999,2025-06-01 03:30:00
405,1,5,2,1999,2025-06-01 03:30:00
406,1,42,4,4999,2025-06-01 03:30:00
407,1,24,2,6999,2025-06-01 03:30:00
407,2,2,4,5999,2025-06-01 03:30:00
407,3,12,3,11999,2025-06-01 03:30:00
408,1,40,3,6999,2025-06-01 03:30:00
408,2,42,3,4999,2025-06-01 03:30:00
409,1,14,1,11999,2025-06-01 03:30:00
410,1,13,4,5999,2025-06-01 03:30:00
410,2,39,1,1999,2025-06-01 03:30:00
410,3,41,4,2499,2025-06-01 03:30:00
410,4,33,2,3999,2025-06-01 03:30:00
410,5,36,4,8999,2025-06-01 03:30:00
411,1,27,3,1999,2025-06-01 03:30:00
411,2,22,2,11999,2025-06-01 03:30:00
411,3,46,3,2499,2025-06-01 03:30:00
411,4,37,2,8999,2025-06-01 03:30:00
411,5,36,4,8999,2025-06-01 03:30:00
412,1,5,1,1999,2025-06-01 03:30:00
412,2,41,4,2499,2025-06-01 03:30:00
413,1,17,1,8999,2025-06-01 03:30:00
413,2,33,3,3999,2025-06-01 03:30:00
413,3,19,3,4999,2025-06-01 03:30:00
413,4,28,4,3499,2025-06-01 03:30:00
414,1,15,4,8999,2025-06-01 03:30:00
415,1,15,3,8999,2025-06-01 03:30:00
415,2,26,1,6999,2025-06-01 03:30:00
415,3,10,3,6999,2025-06-01 03:30:00
416,1,13,3,5999,2025-06-01 03:30:00
417,1,18,4,8999,2025-06-01 03:30:00
418,1,23,3,6999,2025-06-01 03:30:00
418,2,12,1,11999,2025-06-01 03:30:00
418,3,22,4,11999,2025-06-01 03:30:00
418,4,28,4,3499,2025-06-01 03:30:00
419,1,27,3,1999,2025-06-01 03:30:00
419,2,9,2,5999,2025-06-01 03:30:00
420,1,10,1,6999,2025-06-01 03:30:00
421,1,15,1,8999,2025-06-01 03:30:00
421,2,39,1,1999,2025-06-01 03:30:00
421,3,4,1,3499,2025-06-01 03:30:00
421,4,33,2,3999,2025-06-01 03:30:00
422,1,19,1,4999,2025-06-01 03:30:00
423,1,4,3,3499,2025-06-01 03:30:00
423,2,1,4,5999,2025-06-01 03:30:00
423,3,29,4,2499,2025-06-01 03:30:00
424,1,48,2,8999,2025-06-01 03:30:00
424,2,43,4,1999,2025-06-01 03:30:00
425,1,16,3,1999,2025-06-01 03:30:00
425,2,44,2,1999,2025-06-01 03:30:00
425,3,26,3,6999,2025-06-01 03:30:00
426,1,50,3,4999,2025-06-01 03:30:00
426,2,18,4,8999,2025-06-01 03:30:00
426,3,32,3,11999,2025-06-01 03:30:00
427,1,18,2,8999,2025-06-01 03:30:00
428,1,49,4,2999,2025-06-01 03:30:00
429,1,18,3,8999,2025-06-01 03:30:00
429,2,28,3,3499,2025-06-01 03:30:00
430,1,37,2,8999,2025-06-01 03:30:00
430,2,40,3,6999,2025-06-01 03:30:00
430,3,2,3,5999,2025-06-01 03:30:00
431,1,26,1,6999,2025-06-01 03:30:00
431,2,7,2,5999,2025-06-01 03:30:00
431,3,10,2,6999,2025-06-01 03:30:00
431,4,48,1,8999,2025-06-01 03:30:00
432,1,44,2,1999,2025-06-01 03:30:00
432,2,9,1,5999,2025-06-01 03:30:00
432,3,21,1,3999,2025-06-01 03:30:00
433,1,14,4,11999,2025-06-01 03:30:00
433,2,3,4,3999,2025-06-01 03:30:00
433,3,29,4,2499,2025-06-01 03:30:00
433,4,17,4,8999,2025-06-01 03:30:00
434,1,39,3,1999,2025-06-01 03:30:00
435,1,37,1,8999,2025-06-01 03:30:00
435,2,11,1,3499,2025-06-01 03:30:00
436,1,36,2,8999,2025-06-01 03:30:00
436,2,7,4,5999,2025-06-01 03:30:00
437,1,3,2,3999,2025-06-01 03:30:00
437,2,9,3,5999,2025-06-01 03:30:00
437,3,4,1,3499,2025-06-01 03:30:00
438,1,20,2,3999,2025-06-01 03:30:00
438,2,10,3,6999,2025-06-01 03:30:00
439,1,41,4,2499,2025-06-01 03:30:00
439,2,30,3,3499,2025-06-01 03:30:00
439,3,43,3,1999,2025-06-01 03:30:00
439,4,8,4,3999,2025-06-01 03:30:00
439,5,6,1,3999,2025-06-01 03:30:00
440,1,10,1,6999,2025-06-01 03:30:00
440,2,5,4,1999,2025-06-01 03:30:00
440,3,35,1,6999,2025-06-01 03:30:00
440,4,4,3,3499,2025-06-01 03:30:00
441,1,30,3,3499,2025-06-01 03:30:00
442,1,24,1,6999,2025-06-01 03:30:00
442,2,42,4,4999,2025-06-01 03:30:00
442,3,15,4,8999,2025-06-01 03:30:00
442,4,11,4,3499,2025-06-01 03:30:00
443,1,43,4,1999,2025-06-01 03:30:00
443,2,14,3,11999,2025-06-01 03:30:00
443,3,4,2,3499,2025-06-01 03:30:00
443,4,13,1,5999,2025-06-01 03:30:00
444,1,39,2,1999,2025-06-01 03:30:00
444,2,50,4,4999,2025-06-01 03:30:00
444,3,3,1,3999,2025-06-01 03:30:00
445,1,47,3,5999,2025-06-01 03:30:00
445,2,21,1,3999,2025-06-01 03:30:00
445,3,30,1,3499,2025-06-01 03:30:00
446,1,25,2,11999,2025-06-01 03:30:00
446,2,28,4,3499,2025-06-01 03:30:00
446,3,48,2,8999,2025-06-01 03:30:00
446,4,30,4,3499,2025-06-01 03:30:00
446,5,10,3,6999,2025-06-01 03:30:00
446,6,9,4,5999,2025-06-01 03:30:00
446,7,23,4,6999,2025-06-01 03:30:00
447,1,23,3,6999,2025-06-01 03:30:00
447,2,43,1,1999,2025-06-01 03:30:00
448,1,44,2,1999,2025-06-01 03:30:00
449,1,24,4,6999,2025-06-01 03:30:00
449,2,15,4,8999,2025-06-01 03:30:00
449,3,22,1,11999,2025-06-01 03:30:00
449,4,21,2,3999,2025-06-01 03:30:00
449,5,14,3,11999,2025-06-01 03:30:00
450,1,45,3,2499,2025-06-01 03:30:00
450,2,25,4,11999,2025-06-01 03:30:00
451,1,19,1,4999,2025-06-01 03:30:00
451,2,7,3,5999,2025-06-01 03:30:00
452,1,16,4,1999,2025-06-01 03:30:00
453,1,22,2,11999,2025-06-01 03:30:00
453,2,5,1,1999,2025-06-01 03:30:00
453,3,11,3,3499,2025-06-01 03:30:00
453,4,20,1,3999,2025-06-01 03:30:00
454,1,2,4,5999,2025-06-01 03:30:00
455,1,24,4,6999,2025-06-01 03:30:00
455,2,48,1,8999,2025-06-01 03:30:00
456,1,36,2,8999,2025-06-01 03:30:00
456,2,25,2,11999,2025-06-01 03:30:00
456,3,9,4,5999,2025-06-01 03:30:00
456,4,50,3,4999,2025-06-01 03:30:00
456,5,5,1,1999,2025-06-01 03:30:00
457,1,42,4,4999,2025-06-01 03:30:00
458,1,4,3,3499,2025-06-01 03:30:00
458,2,20,4,3999,2025-06-01 03:30:00
458,3,1,4,5999,2025-06-01 03:30:00
458,4,8,2,3999,2025-06-01 03:30:00
459,1,6,3,3999,2025-06-01 03:30:00
459,2,30,3,3499,2025-06-01 03:30:00
459,3,34,1,1999,2025-06-01 03:30:00
459,4,18,1,8999,2025-06-01 03:30:00
459,5,1,2,5999,2025-06-01 03:30:00
460,1,28,3,3499,2025-06-01 03:30:00
460,2,41,1,2499,2025-06-01 03:30:00
461,1,46,1,2499,2025-06-01 03:30:00
462,1,47,4,5999,2025-06-01 03:30:00
462,2,1,1,5999,2025-06-01 03:30:00
462,3,24,2,6999,2025-06-01 03:30:00
463,1,26,4,6999,2025-06-01 03:30:00
463,2,23,2,6999,2025-06-01 03:30:00
463,3,39,2,1999,2025-06-01 03:30:00
464,1,5,3,1999,2025-06-01 03:30:00
464,2,13,2,5999,2025-06-01 03:30:00
465,1,27,1,1999,2025-06-01 03:30:00
465,2,10,3,6999,2025-06-01 03:30:00
465,3,13,4,5999,2025-06-01 03:30:00
466,1,13,1,5999,2025-06-01 03:30:00
467,1,8,4,3999,2025-06-01 03:30:00
467,2,48,2,8999,2025-06-01 03:30:00
467,3,19,2,4999,2025-06-01 03:30:00
468,1,16,4,1999,2025-06-01 03:30:00
469,1,39,1,1999,2025-06-01 03:30:00
469,2,21,2,3999,2025-06-01 03:30:00
469,3,15,3,8999,2025-06-01 03:30:00
470,1,44,2,1999,2025-06-01 03:30:00
470,2,4,1,3499,2025-06-01 03:30:00
470,3,28,2,3499,2025-06-01 03:30:00
470,4,22,3,11999,2025-06-01 03:30:00
471,1,24,1,6999,2025-06-01 03:30:00
471,2,8,4,3999,2025-06-01 03:30:00
471,3,7,2,5999,2025-06-01 03:30:00
472,1,38,1,3999,2025-06-01 03:30:00
472,2,25,1,11999,2025-06-01 03:30:00
473,1,30,4,3499,2025-06-01 03:30:00
473,2,3,3,3999,2025-06-01 03:30:00
474,1,42,1,4999,2025-06-01 03:30:00
474,2,4,4,3499,2025-06-01 03:30:00
474,3,47,2,5999,2025-06-01 03:30:00
475,1,9,1,5999,2025-06-01 03:30:00
475,2,14,1,11999,2025-06-01 03:30:00
475,3,44,2,1999,2025-06-01 03:30:00
476,1,26,1,6999,2025-06-01 03:30:00
477,1,41,3,2499,2025-06-01 03:30:00
477,2,8,4,3999,2025-06-01 03:30:00
478,1,46,4,2499,2025-06-01 03:30:00
478,2,12,2,11999,2025-06-01 03:30:00
478,3,21,3,3999,2025-06-01 03:30:00
479,1,35,1,6999,2025-06-01 03:30:00
479,2,2,4,5999,2025-06-01 03:30:00
480,1,21,2,3999,2025-06-01 03:30:00
480,2,32,4,11999,2025-06-01 03:30:00
480,3,38,1,3999,2025-06-01 03:30:00
481,1,24,2,6999,2025-06-01 03:30:00
481,2,38,4,3999,2025-06-01 03:30:00
482,1,35,4,6999,2025-06-01 03:30:00
483,1,1,2,5999,2025-06-01 03:30:00
483,2,47,4,5999,2025-06-01 03:30:00
483,3,15,1,8999,2025-06-01 03:30:00
483,4,37,3,8999,2025-06-01 03:30:00
483,5,48,2,8999,2025-06-01 03:30:00
484,1,47,1,5999,2025-06-01 03:30:00
484,2,18,1,8999,2025-06-01 03:30:00
484,3,38,3,3999,2025-06-01 03:30:00
484,4,34,1,1999,2025-06-01 03:30:00
485,1,13,4,5999,2025-06-01 03:30:00
485,2,24,1,6999,2025-06-01 03:30:00
485,3,47,4,5999,2025-06-01 03:30:00
485,4,41,4,2499,2025-06-01 03:30:00
485,5,26,3,6999,2025-06-01 03:30:00
486,1,31,3,2499,2025-06-01 03:30:00
487,1,14,1,11999,2025-06-01 03:30:00
487,2,22,4,11999,2025-06-01 03:30:00
488,1,34,4,1999,2025-06-01 03:30:00
489,1,44,2,1999,2025-06-01 03:30:00
489,2,14,4,11999,2025-06-01 03:30:00
490,1,42,2,4999,2025-06-01 03:30:00
491,1,40,4,6999,2025-06-01 03:30:00
491,2,30,4,3499,2025-06-01 03:30:00
491,3,17,3,8999,2025-06-01 03:30:00
491,4,1,4,5999,2025-06-01 03:30:00
491,5,41,2,2499,2025-06-01 03:30:00
492,1,40,1,6999,2025-06-01 03:30:00
492,2,10,1,6999,2025-06-01 03:30:00
493,1,12,4,11999,2025-06-01 03:30:00
494,1,27,2,1999,2025-06-01 03:30:00
495,1,7,3,5999,2025-06-01 03:30:00
496,1,8,2,3999,2025-06-01 03:30:00
496,2,49,3,2999,2025-06-01 03:30:00
497,1,26,1,6999,2025-06-01 03:30:00
497,2,21,2,3999,2025-06-01 03:30:00
497,3,16,1,1999,2025-06-01 03:30:00
498,1,41,2,2499,2025-06-01 03:30:00
498,2,1,3,5999,2025-06-01 03:30:00
498,3,29,1,2499,2025-06-01 03:30:00
499,1,31,2,2499,2025-06-01 03:30:00
500,1,37,4,8999,2025-06-01 03:30:00
501,1,49,3,2999,2025-06-01 03:30:00
501,2,32,1,11999,2025-06-01 03:30:00
501,3,34,2,1999,2025-06-01 03:30:00
501,4,26,1,6999,2025-06-01 03:30:00
501,5,43,3,1999,2025-06-01 03:30:00
501,6,4,1,3499,2025-06-01 03:30:00
501,7,39,4,1999,2025-06-01 03:30:00
502,1,2,3,5999,2025-06-01 03:30:00
502,2,29,3,2499,2025-06-01 03:30:00
502,3,21,2,3999,2025-06-01 03:30:00
503,1,10,2,6999,2025-06-01 03:30:00
503,2,29,3,2499,2025-06-01 03:30:00
504,1,46,2,2499,2025-06-01 03:30:00
504,2,36,1,8999,2025-06-01 03:30:00
504,3,14,4,11999,2025-06-01 03:30:00
505,1,49,2,2999,2025-06-01 03:30:00
505,2,33,3,3999,2025-06-01 03:30:00
505,3,1,3,5999,2025-06-01 03:30:00
505,4,12,2,11999,2025-06-01 03:30:00
506,1,4,1,3499,2025-06-01 03:30:00
506,2,29,3,2499,2025-06-01 03:30:00
506,3,19,2,4999,2025-06-01 03:30:00
507,1,42,1,4999,2025-06-01 03:30:00
507,2,45,2,2499,2025-06-01 03:30:00
508,1,31,1,2499,2025-06-01 03:30:00
508,2,9,2,5999,2025-06-01 03:30:00
508,3,33,2,3999,2025-06-01 03:30:00
508,4,45,2,2499,2025-06-01 03:30:00
508,5,3,4,3999,2025-06-01 03:30:00
509,1,16,4,1999,2025-06-01 03:30:00
510,1,16,1,1999,2025-06-01 03:30:00
510,2,6,3,3999,2025-06-01 03:30:00
511,1,47,4,5999,2025-06-01 03:30:00
511,2,41,2,2499,2025-06-01 03:30:00
511,3,21,3,3999,2025-06-01 03:30:00
511,4,30,4,3499,2025-06-01 03:30:00
512,1,38,4,3999,2025-06-01 03:30:00
513,1,38,3,3999,2025-06-01 03:30:00
513,2,1,3,5999,2025-06-01 03:30:00
514,1,19,3,4999,2025-06-01 03:30:00
514,2,27,2,1999,2025-06-01 03:30:00
515,1,38,3,3999,2025-06-01 03:30:00
515,2,49,4,2999,2025-06-01 03:30:00
515,3,20,1,3999,2025-06-01 03:30:00
515,4,41,2,2499,2025-06-01 03:30:00
516,1,7,1,5999,2025-06-01 03:30:00
516,2,16,1,1999,2025-06-01 03:30:00
516,3,3,1,3999,2025-06-01 03:30:00
516,4,2,3,5999,2025-06-01 03:30:00
517,1,42,4,4999,2025-06-01 03:30:00
517,2,27,4,1999,2025-06-01 03:30:00
518,1,26,1,6999,2025-06-01 03:30:00
518,2,50,1,4999,2025-06-01 03:30:00
519,1,5,2,1999,2025-06-01 03:30:00
519,2,14,3,11999,2025-06-01 03:30:00
519,3,13,1,5999,2025-06-01 03:30:00
519,4,48,1,8999,2025-06-01 03:30:00
519,5,9,4,5999,2025-06-01 03:30:00
519,6,25,1,11999,2025-06-01 03:30:00
520,1,45,1,2499,2025-06-01 03:30:00
521,1,46,2,2499,2025-06-01 03:30:00
521,2,17,4,8999,2025-06-01 03:30:00
521,3,9,4,5999,2025-06-01 03:30:00
521,4,5,4,1999,2025-06-01 03:30:00
521,5,2,2,5999,2025-06-01 03:30:00
521,6,22,3,11999,2025-06-01 03:30:00
522,1,24,2,6999,2025-06-01 03:30:00
522,2,14,4,11999,2025-06-01 03:30:00
522,3,36,2,8999,2025-06-01 03:30:00
523,1,25,1,11999,2025-06-01 03:30:00
523,2,46,4,2499,2025-06-01 03:30:00
524,1,16,3,1999,2025-06-01 03:30:00
524,2,2,2,5999,2025-06-01 03:30:00
524,3,36,1,8999,2025-06-01 03:30:00
524,4,24,1,6999,2025-06-01 03:30:00
524,5,1,1,5999,2025-06-01 03:30:00
525,1,18,4,8999,2025-06-01 03:30:00
525,2,39,2,1999,2025-06-01 03:30:00
525,3,20,1,3999,2025-06-01 03:30:00
526,1,31,1,2499,2025-06-01 03:30:00
527,1,31,4,2499,2025-06-01 03:30:00
527,2,32,2,11999,2025-06-01 03:30:00
528,1,27,3,1999,2025-06-01 03:30:00
529,1,10,3,6999,2025-06-01 03:30:00
529,2,35,2,6999,2025-06-01 03:30:00
529,3,29,1,2499,2025-06-01 03:30:00
530,1,8,1,3999,2025-06-01 03:30:00
530,2,24,2,6999,2025-06-01 03:30:00
530,3,35,1,6999,2025-06-01 03:30:00
530,4,37,4,8999,2025-06-01 03:30:00
530,5,31,2,2499,2025-06-01 03:30:00
531,1,8,2,3999,2025-06-01 03:30:00
531,2,9,2,5999,2025-06-01 03:30:00
531,3,1,2,5999,2025-06-01 03:30:00
532,1,45,2,2499,2025-06-01 03:30:00
532,2,28,2,3499,2025-06-01 03:30:00
532,3,10,2,6999,2025-06-01 03:30:00
533,1,16,2,1999,2025-06-01 03:30:00
533,2,35,2,6999,2025-06-01 03:30:00
533,3,9,4,5999,2025-06-01 03:30:00
534,1,31,2,2499,2025-06-01 03:30:00
534,2,15,2,8999,2025-06-01 03:30:00
535,1,15,1,8999,2025-06-01 03:30:00
536,1,22,2,11999,2025-06-01 03:30:00
536,2,1,1,5999,2025-06-01 03:30:00
537,1,41,4,2499,2025-06-01 03:30:00
538,1,5,2,1999,2025-06-01 03:30:00
539,1,32,3,11999,2025-06-01 03:30:00
539,2,37,3,8999,2025-06-01 03:30:00
540,1,28,2,3499,2025-06-01 03:30:00
541,1,38,3,3999,2025-06-01 03:30:00
541,2,22,1,11999,2025-06-01 03:30:00
541,3,4,4,3499,2025-06-01 03:30:00
542,1,8,3,3999,2025-06-01 03:30:00
542,2,50,1,4999,2025-06-01 03:30:00
542,3,1,1,5999,2025-06-01 03:30:00
543,1,45,3,2499,2025-06-01 03:30:00
543,2,48,3,8999,2025-06-01 03:30:00
544,1,26,3,6999,2025-06-01 03:30:00
544,2,47,4,5999,2025-06-01 03:30:00
544,3,31,3,2499,2025-06-01 03:30:00
545,1,5,2,1999,2025-06-01 03:30:00
545,2,13,3,5999,2025-06-01 03:30:00
545,3,36,4,8999,2025-06-01 03:30:00
546,1,43,4,1999,2025-06-01 03:30:00
546,2,10,1,6999,2025-06-01 03:30:00
546,3,11,2,3499,2025-06-01 03:30:00
547,1,13,4,5999,2025-06-01 03:30:00
548,1,14,1,11999,2025-06-01 03:30:00
549,1,13,2,5999,2025-06-01 03:30:00
549,2,30,4,3499,2025-06-01 03:30:00
549,3,43,3,1999,2025-06-01 03:30:00
550,1,37,1,8999,2025-06-01 03:30:00
550,2,20,1,3999,2025-06-01 03:30:00
551,1,39,2,1999,2025-06-01 03:30:00
551,2,12,2,11999,2025-06-01 03:30:00
551,3,14,2,11999,2025-06-01 03:30:00
552,1,19,4,4999,2025-06-01 03:30:00
552,2,16,4,1999,2025-06-01 03:30:00
552,3,26,1,6999,2025-06-01 03:30:00
553,1,17,1,8999,2025-06-01 03:30:00
553,2,31,2,2499,2025-06-01 03:30:00
554,1,14,3,11999,2025-06-01 03:30:00
554,2,16,1,1999,2025-06-01 03:30:00
554,3,35,2,6999,2025-06-01 03:30:00
555,1,22,4,11999,2025-06-01 03:30:00
555,2,34,1,1999,2025-06-01 03:30:00
556,1,19,3,4999,2025-06-01 03:30:00
557,1,1,1,5999,2025-06-01 03:30:00
557,2,13,4,5999,2025-06-01 03:30:00
558,1,47,4,5999,2025-06-01 03:30:00
559,1,41,4,2499,2025-06-01 03:30:00
560,1,48,1,8999,2025-06-01 03:30:00
560,2,23,1,6999,2025-06-01 03:30:00
560,3,24,3,6999,2025-06-01 03:30:00
560,4,3,3,3999,2025-06-01 03:30:00
560,5,19,1,4999,2025-06-01 03:30:00
561,1,23,1,6999,2025-06-01 03:30:00
561,2,44,1,1999,2025-06-01 03:30:00
561,3,13,2,5999,2025-06-01 03:30:00
562,1,41,1,2499,2025-06-01 03:30:00
562,2,6,1,3999,2025-06-01 03:30:00
562,3,38,3,3999,2025-06-01 03:30:00
563,1,33,1,3999,2025-06-01 03:30:00
564,1,22,3,11999,2025-06-01 03:30:00
564,2,46,1,2499,2025-06-01 03:30:00
564,3,35,2,6999,2025-06-01 03:30:00
564,4,47,3,5999,2025-06-01 03:30:00
565,1,48,1,8999,2025-06-01 03:30:00
566,1,24,4,6999,2025-06-01 03:30:00
567,1,44,3,1999,2025-06-01 03:30:00
567,2,41,1,2499,2025-06-01 03:30:00
568,1,44,1,1999,2025-06-01 03:30:00
569,1,24,1,6999,2025-06-01 03:30:00
570,1,6,3,3999,2025-06-01 03:30:00
570,2,5,3,1999,2025-06-01 03:30:00
570,3,13,1,5999,2025-06-01 03:30:00
571,1,4,1,3499,2025-06-01 03:30:00
571,2,19,4,4999,2025-06-01 03:30:00
572,1,16,1,1999,2025-06-01 03:30:00
572,2,30,2,3499,2025-06-01 03:30:00
572,3,44,3,1999,2025-06-01 03:30:00
573,1,6,2,3999,2025-06-01 03:30:00
574,1,21,3,3999,2025-06-01 03:30:00
574,2,43,1,1999,2025-06-01 03:30:00
574,3,7,1,5999,2025-06-01 03:30:00
575,1,47,2,5999,2025-06-01 03:30:00
575,2,1,2,5999,2025-06-01 03:30:00
576,1,5,3,1999,2025-06-01 03:30:00
576,2,33,2,3999,2025-06-01 03:30:00
576,3,21,1,3999,2025-06-01 03:30:00
576,4,50,4,4999,2025-06-01 03:30:00
577,1,12,2,11999,2025-06-01 03:30:00
577,2,43,4,1999,2025-06-01 03:30:00
577,3,10,4,6999,2025-06-01 03:30:00
577,4,14,1,11999,2025-06-01 03:30:00
577,5,40,4,6999,2025-06-01 03:30:00
578,1,6,1,3999,2025-06-01 03:30:00
578,2,46,4,2499,2025-06-01 03:30:00
578,3,7,1,5999,2025-06-01 03:30:00
578,4,19,2,4999,2025-06-01 03:30:00
578,5,22,3,11999,2025-06-01 03:30:00
579,1,20,2,3999,2025-06-01 03:30:00
579,2,8,3,3999,2025-06-01 03:30:00
579,3,6,4,3999,2025-06-01 03:30:00
580,1,3,3,3999,2025-06-01 03:30:00
580,2,9,4,5999,2025-06-01 03:30:00
580,3,38,1,3999,2025-06-01 03:30:00
581,1,38,4,3999,2025-06-01 03:30:00
581,2,36,3,8999,2025-06-01 03:30:00
582,1,33,3,3999,2025-06-01 03:30:00
582,2,9,2,5999,2025-06-01 03:30:00
583,1,2,3,5999,2025-06-01 03:30:00
584,1,36,4,8999,2025-06-01 03:30:00
584,2,18,3,8999,2025-06-01 03:30:00
584,3,27,2,1999,2025-06-01 03:30:00
584,4,17,4,8999,2025-06-01 03:30:00
585,1,39,1,1999,2025-06-01 03:30:00
585,2,28,3,3499,2025-06-01 03:30:00
585,3,37,4,8999,2025-06-01 03:30:00
585,4,8,1,3999,2025-06-01 03:30:00
586,1,7,4,5999,2025-06-01 03:30:00
586,2,8,3,3999,2025-06-01 03:30:00
587,1,36,2,8999,2025-06-01 03:30:00
587,2,42,2,4999,2025-06-01 03:30:00
588,1,15,1,8999,2025-06-01 03:30:00
589,1,15,2,8999,2025-06-01 03:30:00
589,2,32,3,11999,2025-06-01 03:30:00
589,3,14,1,11999,2025-06-01 03:30:00
590,1,22,3,11999,2025-06-01 03:30:00
590,2,42,1,4999,2025-06-01 03:30:00
591,1,17,3,8999,2025-06-01 03:30:00
591,2,10,4,6999,2025-06-01 03:30:00
592,1,44,1,1999,2025-06-01 03:30:00
593,1,20,1,3999,2025-06-01 03:30:00
593,2,8,1,3999,2025-06-01 03:30:00
594,1,40,2,6999,2025-06-01 03:30:00
594,2,39,3,1999,2025-06-01 03:30:00
595,1,4,1,3499,2025-06-01 03:30:00
595,2,19,3,4999,2025-06-01 03:30:00
595,3,23,2,6999,2025-06-01 03:30:00
595,4,41,3,2499,2025-06-01 03:30:00
595,5,44,2,1999,2025-06-01 03:30:00
595,6,26,4,6999,2025-06-01 03:30:00
596,1,13,1,5999,2025-06-01 03:30:00
596,2,12,4,11999,2025-06-01 03:30:00
597,1,47,3,5999,2025-06-01 03:30:00
597,2,2,2,5999,2025-06-01 03:30:00
597,3,30,1,3499,2025-06-01 03:30:00
597,4,40,4,6999,2025-06-01 03:30:00
597,5,23,1,6999,2025-06-01 03:30:00
597,6,39,3,1999,2025-06-01 03:30:00
597,7,4,3,3499,2025-06-01 03:30:00
598,1,42,3,4999,2025-06-01 03:30:00
598,2,17,1,8999,2025-06-01 03:30:00
599,1,5,2,1999,2025-06-01 03:30:00
599,2,44,3,1999,2025-06-01 03:30:00
599,3,25,4,11999,2025-06-01 03:30:00
600,1,14,3,11999,2025-06-01 03:30:00
600,2,34,2,1999,2025-06-01 03:30:00
601,1,36,3,8999,2025-06-01 03:30:00
601,2,24,3,6999,2025-06-01 03:30:00
601,3,6,1,3999,2025-06-01 03:30:00
602,1,9,1,5999,2025-06-01 03:30:00
602,2,46,1,2499,2025-06-01 03:30:00
603,1,15,1,8999,2025-06-01 03:30:00
604,1,13,4,5999,2025-06-01 03:30:00
604,2,14,4,11999,2025-06-01 03:30:00
605,1,31,4,2499,2025-06-01 03:30:00
606,1,46,4,2499,2025-06-01 03:30:00
606,2,19,2,4999,2025-06-01 03:30:00
606,3,23,3,6999,2025-06-01 03:30:00
606,4,27,1,1999,2025-06-01 03:30:00
607,1,50,2,4999,2025-06-01 03:30:00
607,2,29,3,2499,2025-06-01 03:30:00
607,3,5,4,1999,2025-06-01 03:30:00
608,1,30,1,3499,2025-06-01 03:30:00
608,2,50,4,4999,2025-06-01 03:30:00
609,1,31,2,2499,2025-06-01 03:30:00
610,1,17,3,8999,2025-06-01 03:30:00
610,2,18,2,8999,2025-06-01 03:30:00
610,3,9,2,5999,2025-06-01 03:30:00
611,1,37,4,8999,2025-06-01 03:30:00
611,2,12,3,11999,2025-06-01 03:30:00
612,1,41,2,2499,2025-06-01 03:30:00
612,2,2,4,5999,2025-06-01 03:30:00
613,1,16,3,1999,2025-06-01 03:30:00
614,1,17,2,8999,2025-06-01 03:30:00
615,1,1,4,5999,2025-06-01 03:30:00
616,1,36,1,8999,2025-06-01 03:30:00
616,2,4,4,3499,2025-06-01 03:30:00
616,3,22,3,11999,2025-06-01 03:30:00
617,1,17,3,8999,2025-06-01 03:30:00
617,2,21,3,3999,2025-06-01 03:30:00
618,1,39,2,1999,2025-06-01 03:30:00
619,1,49,1,2999,2025-06-01 03:30:00
620,1,14,2,11999,2025-06-01 03:30:00
620,2,49,4,2999,2025-06-01 03:30:00
620,3,41,1,2499,2025-06-01 03:30:00
620,4,12,2,11999,2025-06-01 03:30:00
621,1,43,4,1999,2025-06-01 03:30:00
621,2,13,3,5999,2025-06-01 03:30:00
622,1,19,2,4999,2025-06-01 03:30:00
623,1,21,1,3999,2025-06-01 03:30:00
623,2,7,4,5999,2025-06-01 03:30:00
623,3,16,1,1999,2025-06-01 03:30:00
623,4,3,2,3999,2025-06-01 03:30:00
623,5,27,2,1999,2025-06-01 03:30:00
623,6,4,3,3499,2025-06-01 03:30:00
624,1,40,2,6999,2025-06-01 03:30:00
624,2,36,4,8999,2025-06-01 03:30:00
624,3,16,4,1999,2025-06-01 03:30:00
624,4,7,1,5999,2025-06-01 03:30:00
624,5,33,4,3999,2025-06-01 03:30:00
625,1,15,3,8999,2025-06-01 03:30:00
625,2,29,3,2499,2025-06-01 03:30:00
626,1,49,2,2999,2025-06-01 03:30:00
626,2,13,4,5999,2025-06-01 03:30:00
627,1,39,4,1999,2025-06-01 03:30:00
628,1,37,1,8999,2025-06-01 03:30:00
628,2,20,4,3999,2025-06-01 03:30:00
629,1,44,2,1999,2025-06-01 03:30:00
629,2,19,3,4999,2025-06-01 03:30:00
629,3,32,4,11999,2025-06-01 03:30:00
630,1,28,1,3499,2025-06-01 03:30:00
630,2,44,1,1999,2025-06-01 03:30:00
631,1,25,4,11999,2025-06-01 03:30:00
632,1,40,3,6999,2025-06-01 03:30:00
632,2,5,3,1999,2025-06-01 03:30:00
632,3,1,4,5999,2025-06-01 03:30:00
633,1,18,1,8999,2025-06-01 03:30:00
634,1,41,2,2499,2025-06-01 03:30:00
635,1,10,4,6999,2025-06-01 03:30:00
636,1,32,1,11999,2025-06-01 03:30:00
636,2,37,1,8999,2025-06-01 03:30:00
636,3,21,2,3999,2025-06-01 03:30:00
636,4,24,1,6999,2025-06-01 03:30:00
636,5,42,4,4999,2025-06-01 03:30:00
637,1,1,4,5999,2025-06-01 03:30:00
637,2,27,2,1999,2025-06-01 03:30:00
637,3,17,1,8999,2025-06-01 03:30:00
637,4,34,1,1999,2025-06-01 03:30:00
638,1,17,3,8999,2025-06-01 03:30:00
638,2,10,3,6999,2025-06-01 03:30:00
639,1,36,4,8999,2025-06-01 03:30:00
640,1,47,4,5999,2025-06-01 03:30:00
641,1,4,4,3499,2025-06-01 03:30:00
641,2,46,1,2499,2025-06-01 03:30:00
641,3,17,3,8999,2025-06-01 03:30:00
642,1,42,2,4999,2025-06-01 03:30:00
642,2,17,3,8999,2025-06-01 03:30:00
643,1,12,1,11999,2025-06-01 03:30:00
643,2,27,1,1999,2025-06-01 03:30:00
644,1,35,2,6999,2025-06-01 03:30:00
644,2,13,1,5999,2025-06-01 03:30:00
645,1,36,3,8999,2025-06-01 03:30:00
645,2,50,2,4999,2025-06-01 03:30:00
646,1,12,1,11999,2025-06-01 03:30:00
646,2,15,4,8999,2025-06-01 03:30:00
647,1,2,2,5999,2025-06-01 03:30:00
648,1,10,2,6999,2025-06-01 03:30:00
649,1,49,1,2999,2025-06-01 03:30:00
649,2,17,4,8999,2025-06-01 03:30:00
649,3,26,1,6999,2025-06-01 03:30:00
650,1,25,4,11999,2025-06-01 03:30:00
650,2,18,1,8999,2025-06-01 03:30:00
651,1,40,4,6999,2025-06-01 03:30:00
651,2,20,3,3999,2025-06-01 03:30:00
652,1,21,1,3999,2025-06-01 03:30:00
653,1,28,1,3499,2025-06-01 03:30:00
654,1,6,4,3999,2025-06-01 03:30:00
654,2,3,4,3999,2025-06-01 03:30:00
654,3,48,1,8999,2025-06-01 03:30:00
654,4,36,1,8999,2025-06-01 03:30:00
654,5,7,3,5999,2025-06-01 03:30:00
655,1,48,2,8999,2025-06-01 03:30:00
656,1,1,3,5999,2025-06-01 03:30:00
656,2,18,4,8999,2025-06-01 03:30:00
656,3,23,1,6999,2025-06-01 03:30:00
657,1,13,1,5999,2025-06-01 03:30:00
657,2,47,3,5999,2025-06-01 03:30:00
658,1,50,1,4999,2025-06-01 03:30:00
658,2,26,3,6999,2025-06-01 03:30:00
658,3,34,2,1999,2025-06-01 03:30:00
659,1,38,4,3999,2025-06-01 03:30:00
660,1,36,2,8999,2025-06-01 03:30:00
660,2,35,2,6999,2025-06-01 03:30:00
661,1,15,2,8999,2025-06-01 03:30:00
661,2,35,4,6999,2025-06-01 03:30:00
661,3,23,1,6999,2025-06-01 03:30:00
661,4,36,3,8999,2025-06-01 03:30:00
662,1,32,2,11999,2025-06-01 03:30:00
663,1,38,4,3999,2025-06-01 03:30:00
663,2,7,2,5999,2025-06-01 03:30:00
664,1,50,1,4999,2025-06-01 03:30:00
665,1,42,2,4999,2025-06-01 03:30:00
665,2,35,4,6999,2025-06-01 03:30:00
666,1,9,4,5999,2025-06-01 03:30:00
667,1,8,1,3999,2025-06-01 03:30:00
668,1,42,1,4999,2025-06-01 03:30:00
668,2,2,1,5999,2025-06-01 03:30:00
669,1,48,4,8999,2025-06-01 03:30:00
669,2,11,1,3499,2025-06-01 03:30:00
669,3,20,1,3999,2025-06-01 03:30:00
669,4,37,4,8999,2025-06-01 03:30:00
670,1,27,2,1999,2025-06-01 03:30:00
670,2,48,1,8999,2025-06-01 03:30:00
671,1,19,2,4999,2025-06-01 03:30:00
671,2,4,2,3499,2025-06-01 03:30:00
671,3,24,4,6999,2025-06-01 03:30:00
671,4,18,2,8999,2025-06-01 03:30:00
672,1,38,4,3999,2025-06-01 03:30:00
672,2,25,4,11999,2025-06-01 03:30:00
672,3,26,3,6999,2025-06-01 03:30:00
673,1,11,4,3499,2025-06-01 03:30:00
673,2,17,4,8999,2025-06-01 03:30:00
674,1,13,2,5999,2025-06-01 03:30:00
674,2,9,3,5999,2025-06-01 03:30:00
674,3,27,2,1999,2025-06-01 03:30:00
674,4,11,2,3499,2025-06-01 03:30:00
675,1,18,1,8999,2025-06-01 03:30:00
675,2,32,2,11999,2025-06-01 03:30:00
675,3,35,1,6999,2025-06-01 03:30:00
675,4,33,2,3999,2025-06-01 03:30:00
675,5,22,4,11999,2025-06-01 03:30:00
676,1,22,4,11999,2025-06-01 03:30:00
676,2,35,2,6999,2025-06-01 03:30:00
677,1,42,2,4999,2025-06-01 03:30:00
677,2,33,3,3999,2025-06-01 03:30:00
677,3,29,4,2499,2025-06-01 03:30:00
677,4,36,4,8999,2025-06-01 03:30:00
677,5,10,1,6999,2025-06-01 03:30:00
677,6,43,3,1999,2025-06-01 03:30:00
678,1,49,1,2999,2025-06-01 03:30:00
679,1,16,1,1999,2025-06-01 03:30:00
679,2,17,1,8999,2025-06-01 03:30:00
679,3,49,4,2999,2025-06-01 03:30:00
680,1,24,4,6999,2025-06-01 03:30:00
680,2,26,4,6999,2025-06-01 03:30:00
680,3,50,3,4999,2025-06-01 03:30:00
681,1,18,2,8999,2025-06-01 03:30:00
681,2,41,4,2499,2025-06-01 03:30:00
681,3,22,3,11999,2025-06-01 03:30:00
681,4,46,1,2499,2025-06-01 03:30:00
682,1,38,4,3999,2025-06-01 03:30:00
683,1,30,2,3499,2025-06-01 03:30:00
683,2,1,2,5999,2025-06-01 03:30:00
683,3,22,1,11999,2025-06-01 03:30:00
684,1,10,3,6999,2025-06-01 03:30:00
684,2,28,4,3499,2025-06-01 03:30:00
685,1,38,3,3999,2025-06-01 03:30:00
685,2,25,2,11999,2025-06-01 03:30:00
685,3,35,4,6999,2025-06-01 03:30:00
686,1,37,1,8999,2025-06-01 03:30:00
686,2,47,3,5999,2025-06-01 03:30:00
686,3,5,2,1999,2025-06-01 03:30:00
687,1,23,1,6999,2025-06-01 03:30:00
687,2,18,3,8999,2025-06-01 03:30:00
687,3,3,1,3999,2025-06-01 03:30:00
687,4,45,3,2499,2025-06-01 03:30:00
687,5,39,2,1999,2025-06-01 03:30:00
688,1,34,1,1999,2025-06-01 03:30:00
688,2,38,1,3999,2025-06-01 03:30:00
689,1,6,2,3999,2025-06-01 03:30:00
689,2,42,2,4999,2025-06-01 03:30:00
690,1,20,3,3999,2025-06-01 03:30:00
690,2,5,3,1999,2025-06-01 03:30:00
690,3,14,3,11999,2025-06-01 03:30:00
691,1,49,2,2999,2025-06-01 03:30:00
691,2,45,3,2499,2025-06-01 03:30:00
691,3,17,2,8999,2025-06-01 03:30:00
692,1,25,4,11999,2025-06-01 03:30:00
692,2,3,2,3999,2025-06-01 03:30:00
693,1,11,1,3499,2025-06-01 03:30:00
693,2,40,3,6999,2025-06-01 03:30:00
693,3,21,1,3999,2025-06-01 03:30:00
693,4,18,1,8999,2025-06-01 03:30:00
693,5,50,4,4999,2025-06-01 03:30:00
694,1,50,1,4999,2025-06-01 03:30:00
694,2,37,4,8999,2025-06-01 03:30:00
694,3,19,3,4999,2025-06-01 03:30:00
694,4,2,1,5999,2025-06-01 03:30:00
694,5,4,3,3499,2025-06-01 03:30:00
694,6,25,3,11999,2025-06-01 03:30:00
695,1,24,4,6999,2025-06-01 03:30:00
695,2,36,3,8999,2025-06-01 03:30:00
695,3,16,4,1999,2025-06-01 03:30:00
695,4,43,1,1999,2025-06-01 03:30:00
696,1,7,1,5999,2025-06-01 03:30:00
696,2,9,1,5999,2025-06-01 03:30:00
696,3,12,2,11999,2025-06-01 03:30:00
697,1,39,4,1999,2025-06-01 03:30:00
697,2,10,4,6999,2025-06-01 03:30:00
697,3,26,3,6999,2025-06-01 03:30:00
698,1,9,1,5999,2025-06-01 03:30:00
699,1,39,1,1999,2025-06-01 03:30:00
699,2,28,3,3499,2025-06-01 03:30:00
699,3,5,4,1999,2025-06-01 03:30:00
699,4,36,1,8999,2025-06-01 03:30:00
700,1,40,4,6999,2025-06-01 03:30:00
700,2,36,4,8999,2025-06-01 03:30:00
701,1,2,4,5999,2025-06-01 03:30:00
701,2,23,3,6999,2025-06-01 03:30:00
701,3,25,4,11999,2025-06-01 03:30:00
702,1,24,1,6999,2025-06-01 03:30:00
702,2,15,2,8999,2025-06-01 03:30:00
703,1,14,2,11999,2025-06-01 03:30:00
703,2,28,3,3499,2025-06-01 03:30:00
703,3,40,2,6999,2025-06-01 03:30:00
704,1,8,4,3999,2025-06-01 03:30:00
704,2,37,1,8999,2025-06-01 03:30:00
704,3,25,2,11999,2025-06-01 03:30:00
705,1,41,3,2499,2025-06-01 03:30:00
706,1,12,2,11999,2025-06-01 03:30:00
707,1,35,1,6999,2025-06-01 03:30:00
707,2,8,4,3999,2025-06-01 03:30:00
707,3,30,2,3499,2025-06-01 03:30:00
707,4,50,3,4999,2025-06-01 03:30:00
707,5,48,1,8999,2025-06-01 03:30:00
708,1,40,2,6999,2025-06-01 03:30:00
709,1,4,4,3499,2025-06-01 03:30:00
710,1,34,1,1999,2025-06-01 03:30:00
710,2,28,3,3499,2025-06-01 03:30:00
710,3,18,4,8999,2025-06-01 03:30:00
710,4,46,4,2499,2025-06-01 03:30:00
711,1,42,1,4999,2025-06-01 03:30:00
712,1,6,3,3999,2025-06-01 03:30:00
712,2,16,2,1999,2025-06-01 03:30:00
712,3,45,1,2499,2025-06-01 03:30:00
712,4,5,4,1999,2025-06-01 03:30:00
712,5,38,4,3999,2025-06-01 03:30:00
713,1,30,1,3499,2025-06-01 03:30:00
713,2,4,2,3499,2025-06-01 03:30:00
713,3,49,4,2999,2025-06-01 03:30:00
714,1,38,1,3999,2025-06-01 03:30:00
714,2,33,3,3999,2025-06-01 03:30:00
714,3,23,4,6999,2025-06-01 03:30:00
714,4,43,3,1999,2025-06-01 03:30:00
715,1,12,2,11999,2025-06-01 03:30:00
715,2,18,2,8999,2025-06-01 03:30:00
715,3,43,1,1999,2025-06-01 03:30:00
715,4,35,4,6999,2025-06-01 03:30:00
716,1,45,2,2499,2025-06-01 03:30:00
716,2,36,2,8999,2025-06-01 03:30:00
716,3,48,3,8999,2025-06-01 03:30:00
717,1,19,2,4999,2025-06-01 03:30:00
717,2,22,3,11999,2025-06-01 03:30:00
718,1,16,1,1999,2025-06-01 03:30:00
718,2,33,3,3999,2025-06-01 03:30:00
718,3,23,3,6999,2025-06-01 03:30:00
718,4,10,3,6999,2025-06-01 03:30:00
719,1,13,4,5999,2025-06-01 03:30:00
719,2,11,1,3499,2025-06-01 03:30:00
720,1,7,3,5999,2025-06-01 03:30:00
721,1,16,1,1999,2025-06-01 03:30:00
722,1,42,4,4999,2025-06-01 03:30:00
722,2,5,1,1999,2025-06-01 03:30:00
722,3,21,3,3999,2025-06-01 03:30:00
722,4,9,3,5999,2025-06-01 03:30:00
723,1,31,3,2499,2025-06-01 03:30:00
724,1,49,4,2999,2025-06-01 03:30:00
724,2,40,4,6999,2025-06-01 03:30:00
724,3,34,3,1999,2025-06-01 03:30:00
724,4,10,3,6999,2025-06-01 03:30:00
724,5,37,4,8999,2025-06-01 03:30:00
725,1,15,1,8999,2025-06-01 03:30:00
725,2,8,3,3999,2025-06-01 03:30:00
725,3,19,4,4999,2025-06-01 03:30:00
726,1,29,1,2499,2025-06-01 03:30:00
726,2,16,2,1999,2025-06-01 03:30:00
727,1,1,1,5999,2025-06-01 03:30:00
727,2,22,1,11999,2025-06-01 03:30:00
727,3,23,4,6999,2025-06-01 03:30:00
727,4,43,3,1999,2025-06-01 03:30:00
728,1,45,4,2499,2025-06-01 03:30:00
728,2,20,1,3999,2025-06-01 03:30:00
728,3,34,1,1999,2025-06-01 03:30:00
729,1,43,4,1999,2025-06-01 03:30:00
729,2,23,4,6999,2025-06-01 03:30:00
729,3,31,3,2499,2025-06-01 03:30:00
729,4,33,3,3999,2025-06-01 03:30:00
729,5,42,1,4999,2025-06-01 03:30:00
730,1,37,1,8999,2025-06-01 03:30:00
730,2,2,3,5999,2025-06-01 03:30:00
730,3,19,4,4999,2025-06-01 03:30:00
731,1,47,2,5999,2025-06-01 03:30:00
731,2,42,2,4999,2025-06-01 03:30:00
731,3,27,1,1999,2025-06-01 03:30:00
732,1,39,2,1999,2025-06-01 03:30:00
732,2,2,4,5999,2025-06-01 03:30:00
733,1,50,3,4999,2025-06-01 03:30:00
734,1,45,4,2499,2025-06-01 03:30:00
734,2,32,1,11999,2025-06-01 03:30:00
734,3,36,1,8999,2025-06-01 03:30:00
734,4,17,3,8999,2025-06-01 03:30:00
735,1,39,2,1999,2025-06-01 03:30:00
735,2,24,1,6999,2025-06-01 03:30:00
736,1,42,1,4999,2025-06-01 03:30:00
736,2,14,3,11999,2025-06-01 03:30:00
737,1,17,1,8999,2025-06-01 03:30:00
737,2,19,1,4999,2025-06-01 03:30:00
738,1,33,3,3999,2025-06-01 03:30:00
739,1,45,1,2499,2025-06-01 03:30:00
740,1,33,1,3999,2025-06-01 03:30:00
740,2,48,4,8999,2025-06-01 03:30:00
741,1,33,2,3999,2025-06-01 03:30:00
741,2,40,4,6999,2025-06-01 03:30:00
742,1,19,2,4999,2025-06-01 03:30:00
742,2,42,1,4999,2025-06-01 03:30:00
742,3,23,1,6999,2025-06-01 03:30:00
743,1,9,3,5999,2025-06-01 03:30:00
743,2,7,3,5999,2025-06-01 03:30:00
743,3,2,3,5999,2025-06-01 03:30:00
744,1,43,4,1999,2025-06-01 03:30:00
744,2,15,1,8999,2025-06-01 03:30:00
744,3,44,2,1999,2025-06-01 03:30:00
745,1,8,1,3999,2025-06-01 03:30:00
745,2,43,2,1999,2025-06-01 03:30:00
745,3,12,3,11999,2025-06-01 03:30:00
746,1,47,4,5999,2025-06-01 03:30:00
746,2,6,2,3999,2025-06-01 03:30:00
746,3,27,4,1999,2025-06-01 03:30:00
746,4,41,2,2499,2025-06-01 03:30:00
747,1,12,3,11999,2025-06-01 03:30:00
748,1,8,3,3999,2025-06-01 03:30:00
748,2,4,3,3499,2025-06-01 03:30:00
749,1,37,3,8999,2025-06-01 03:30:00
749,2,45,2,2499,2025-06-01 03:30:00
750,1,23,2,6999,2025-06-01 03:30:00
750,2,2,4,5999,2025-06-01 03:30:00
751,1,39,1,1999,2025-06-01 03:30:00
752,1,23,3,6999,2025-06-01 03:30:00
752,2,1,3,5999,2025-06-01 03:30:00
753,1,6,2,3999,2025-06-01 03:30:00
754,1,8,1,3999,2025-06-01 03:30:00
755,1,13,2,5999,2025-06-01 03:30:00
756,1,38,1,3999,2025-06-01 03:30:00
756,2,27,3,1999,2025-06-01 03:30:00
757,1,24,1,6999,2025-06-01 03:30:00
758,1,21,3,3999,2025-06-01 03:30:00
758,2,7,2,5999,2025-06-01 03:30:00
758,3,9,3,5999,2025-06-01 03:30:00
758,4,1,1,5999,2025-06-01 03:30:00
759,1,6,4,3999,2025-06-01 03:30:00
759,2,44,3,1999,2025-06-01 03:30:00
759,3,36,1,8999,2025-06-01 03:30:00
759,4,15,2,8999,2025-06-01 03:30:00
760,1,48,4,8999,2025-06-01 03:30:00
760,2,3,2,3999,2025-06-01 03:30:00
761,1,6,4,3999,2025-06-01 03:30:00
761,2,32,3,11999,2025-06-01 03:30:00
761,3,7,1,5999,2025-06-01 03:30:00
762,1,28,2,3499,2025-06-01 03:30:00
763,1,4,1,3499,2025-06-01 03:30:00
763,2,13,1,5999,2025-06-01 03:30:00
763,3,27,3,1999,2025-06-01 03:30:00
763,4,42,4,4999,2025-06-01 03:30:00
763,5,37,1,8999,2025-06-01 03:30:00
764,1,23,4,6999,2025-06-01 03:30:00
765,1,34,2,1999,2025-06-01 03:30:00
765,2,16,2,1999,2025-06-01 03:30:00
765,3,35,3,6999,2025-06-01 03:30:00
766,1,17,3,8999,2025-06-01 03:30:00
766,2,31,3,2499,2025-06-01 03:30:00
766,3,20,1,3999,2025-06-01 03:30:00
766,4,28,4,3499,2025-06-01 03:30:00
766,5,37,4,8999,2025-06-01 03:30:00
766,6,32,2,11999,2025-06-01 03:30:00
767,1,28,1,3499,2025-06-01 03:30:00
768,1,20,3,3999,2025-06-01 03:30:00
768,2,36,1,8999,2025-06-01 03:30:00
768,3,15,2,8999,2025-06-01 03:30:00
769,1,44,1,1999,2025-06-01 03:30:00
769,2,15,3,8999,2025-06-01 03:30:00
769,3,12,2,11999,2025-06-01 03:30:00
769,4,43,3,1999,2025-06-01 03:30:00
769,5,37,4,8999,2025-06-01 03:30:00
770,1,4,1,3499,2025-06-01 03:30:00
770,2,15,3,8999,2025-06-01 03:30:00
770,3,19,2,4999,2025-06-01 03:30:00
771,1,34,4,1999,2025-06-01 03:30:00
771,2,18,4,8999,2025-06-01 03:30:00
771,3,43,4,1999,2025-06-01 03:30:00
771,4,11,2,3499,2025-06-01 03:30:00
772,1,14,1,11999,2025-06-01 03:30:00
772,2,36,3,8999,2025-06-01 03:30:00
773,1,34,4,1999,2025-06-01 03:30:00
773,2,24,4,6999,2025-06-01 03:30:00
773,3,40,1,6999,2025-06-01 03:30:00
773,4,38,4,3999,2025-06-01 03:30:00
773,5,28,3,3499,2025-06-01 03:30:00
774,1,40,2,6999,2025-06-01 03:30:00
775,1,14,2,11999,2025-06-01 03:30:00
775,2,7,2,5999,2025-06-01 03:30:00
776,1,33,3,3999,2025-06-01 03:30:00
776,2,21,3,3999,2025-06-01 03:30:00
777,1,46,3,2499,2025-06-01 03:30:00
778,1,29,1,2499,2025-06-01 03:30:00
779,1,44,1,1999,2025-06-01 03:30:00
779,2,17,1,8999,2025-06-01 03:30:00
779,3,34,1,1999,2025-06-01 03:30:00
780,1,6,1,3999,2025-06-01 03:30:00
781,1,39,1,1999,2025-06-01 03:30:00
781,2,26,2,6999,2025-06-01 03:30:00
781,3,4,2,3499,2025-06-01 03:30:00
781,4,21,1,3999,2025-06-01 03:30:00
781,5,19,2,4999,2025-06-01 03:30:00
782,1,30,3,3499,2025-06-01 03:30:00
783,1,13,4,5999,2025-06-01 03:30:00
783,2,31,3,2499,2025-06-01 03:30:00
783,3,48,1,8999,2025-06-01 03:30:00
784,1,29,4,2499,2025-06-01 03:30:00
784,2,18,3,8999,2025-06-01 03:30:00
785,1,38,2,3999,2025-06-01 03:30:00
785,2,23,4,6999,2025-06-01 03:30:00
786,1,6,3,3999,2025-06-01 03:30:00
786,2,36,4,8999,2025-06-01 03:30:00
787,1,12,2,11999,2025-06-01 03:30:00
787,2,36,4,8999,2025-06-01 03:30:00
787,3,7,1,5999,2025-06-01 03:30:00
787,4,13,3,5999,2025-06-01 03:30:00
788,1,47,4,5999,2025-06-01 03:30:00
788,2,10,2,6999,2025-06-01 03:30:00
788,3,45,2,2499,2025-06-01 03:30:00
788,4,31,1,2499,2025-06-01 03:30:00
788,5,42,1,4999,2025-06-01 03:30:00
789,1,50,3,4999,2025-06-01 03:30:00
790,1,19,2,4999,2025-06-01 03:30:00
790,2,20,2,3999,2025-06-01 03:30:00
791,1,10,4,6999,2025-06-01 03:30:00
792,1,9,4,5999,2025-06-01 03:30:00
792,2,38,3,3999,2025-06-01 03:30:00
792,3,44,1,1999,2025-06-01 03:30:00
793,1,29,1,2499,2025-06-01 03:30:00
794,1,9,3,5999,2025-06-01 03:30:00
794,2,29,4,2499,2025-06-01 03:30:00
795,1,32,3,11999,2025-06-01 03:30:00
795,2,30,2,3499,2025-06-01 03:30:00
796,1,15,1,8999,2025-06-01 03:30:00
796,2,10,4,6999,2025-06-01 03:30:00
796,3,11,2,3499,2025-06-01 03:30:00
796,4,49,1,2999,2025-06-01 03:30:00
797,1,24,2,6999,2025-06-01 03:30:00
797,2,14,3,11999,2025-06-01 03:30:00
797,3,38,2,3999,2025-06-01 03:30:00
797,4,36,2,8999,2025-06-01 03:30:00
798,1,19,3,4999,2025-06-01 03:30:00
799,1,48,4,8999,2025-06-01 03:30:00
799,2,46,1,2499,2025-06-01 03:30:00
799,3,40,3,6999,2025-06-01 03:30:00
799,4,3,2,3999,2025-06-01 03:30:00
800,1,8,4,3999,2025-06-01 03:30:00
800,2,28,2,3499,2025-06-01 03:30:00
800,3,6,3,3999,2025-06-01 03:30:00
800,4,9,1,5999,2025-06-01 03:30:00
800,5,27,1,1999,2025-06-01 03:30:00
801,1,17,4,8999,2025-06-01 03:30:00
801,2,21,1,3999,2025-06-01 03:30:00
801,3,23,1,6999,2025-06-01 03:30:00
802,1,3,1,3999,2025-06-01 03:30:00
802,2,35,3,6999,2025-06-01 03:30:00
803,1,5,1,1999,2025-06-01 03:30:00
803,2,34,3,1999,2025-06-01 03:30:00
803,3,17,1,8999,2025-06-01 03:30:00
803,4,18,4,8999,2025-06-01 03:30:00
804,1,48,3,8999,2025-06-01 03:30:00
804,2,37,1,8999,2025-06-01 03:30:00
804,3,24,3,6999,2025-06-01 03:30:00
805,1,30,2,3499,2025-06-01 03:30:00
805,2,22,2,11999,2025-06-01 03:30:00
805,3,17,3,8999,2025-06-01 03:30:00
805,4,19,4,4999,2025-06-01 03:30:00
806,1,2,1,5999,2025-06-01 03:30:00
807,1,27,4,1999,2025-06-01 03:30:00
807,2,48,4,8999,2025-06-01 03:30:00
808,1,24,3,6999,2025-06-01 03:30:00
808,2,33,1,3999,2025-06-01 03:30:00
809,1,2,1,5999,2025-06-01 03:30:00
809,2,41,4,2499,2025-06-01 03:30:00
810,1,47,3,5999,2025-06-01 03:30:00
810,2,37,2,8999,2025-06-01 03:30:00
811,1,46,1,2499,2025-06-01 03:30:00
812,1,33,2,3999,2025-06-01 03:30:00
812,2,38,1,3999,2025-06-01 03:30:00
813,1,28,1,3499,2025-06-01 03:30:00
813,2,31,2,2499,2025-06-01 03:30:00
814,1,25,3,11999,2025-06-01 03:30:00
814,2,39,2,1999,2025-06-01 03:30:00
814,3,2,4,5999,2025-06-01 03:30:00
814,4,22,4,11999,2025-06-01 03:30:00
814,5,29,4,2499,2025-06-01 03:30:00
815,1,33,3,3999,2025-06-01 03:30:00
815,2,50,4,4999,2025-06-01 03:30:00
815,3,27,4,1999,2025-06-01 03:30:00
816,1,34,1,1999,2025-06-01 03:30:00
817,1,4,2,3499,2025-06-01 03:30:00
818,1,25,2,11999,2025-06-01 03:30:00
818,2,45,1,2499,2025-06-01 03:30:00
818,3,35,1,6999,2025-06-01 03:30:00
818,4,39,3,1999,2025-06-01 03:30:00
819,1,39,2,1999,2025-06-01 03:30:00
819,2,3,1,3999,2025-06-01 03:30:00
820,1,30,4,3499,2025-06-01 03:30:00
821,1,50,3,4999,2025-06-01 03:30:00
822,1,33,3,3999,2025-06-01 03:30:00
822,2,44,1,1999,2025-06-01 03:30:00
822,3,29,4,2499,2025-06-01 03:30:00
822,4,15,3,8999,2025-06-01 03:30:00
823,1,26,2,6999,2025-06-01 03:30:00
823,2,7,4,5999,2025-06-01 03:30:00
824,1,43,1,1999,2025-06-01 03:30:00
824,2,15,4,8999,2025-06-01 03:30:00
825,1,3,4,3999,2025-06-01 03:30:00
825,2,22,3,11999,2025-06-01 03:30:00
826,1,39,2,1999,2025-06-01 03:30:00
826,2,43,3,1999,2025-06-01 03:30:00
826,3,15,1,8999,2025-06-01 03:30:00
826,4,3,3,3999,2025-06-01 03:30:00
827,1,48,1,8999,2025-06-01 03:30:00
828,1,41,3,2499,2025-06-01 03:30:00
828,2,43,2,1999,2025-06-01 03:30:00
828,3,4,4,3499,2025-06-01 03:30:00
828,4,31,1,2499,2025-06-01 03:30:00
828,5,35,1,6999,2025-06-01 03:30:00
828,6,47,2,5999,2025-06-01 03:30:00
829,1,26,3,6999,2025-06-01 03:30:00
829,2,44,3,1999,2025-06-01 03:30:00
829,3,41,2,2499,2025-06-01 03:30:00
830,1,30,3,3499,2025-06-01 03:30:00
831,1,24,4,6999,2025-06-01 03:30:00
832,1,32,3,11999,2025-06-01 03:30:00
833,1,13,2,5999,2025-06-01 03:30:00
833,2,31,1,2499,2025-06-01 03:30:00
834,1,34,2,1999,2025-06-01 03:30:00
834,2,19,2,4999,2025-06-01 03:30:00
834,3,30,1,3499,2025-06-01 03:30:00
834,4,27,2,1999,2025-06-01 03:30:00
835,1,18,2,8999,2025-06-01 03:30:00
836,1,17,4,8999,2025-06-01 03:30:00
836,2,26,3,6999,2025-06-01 03:30:00
837,1,10,3,6999,2025-06-01 03:30:00
837,2,19,3,4999,2025-06-01 03:30:00
837,3,3,4,3999,2025-06-01 03:30:00
837,4,38,2,3999,2025-06-01 03:30:00
838,1,5,2,1999,2025-06-01 03:30:00
838,2,49,2,2999,2025-06-01 03:30:00
838,3,29,1,2499,2025-06-01 03:30:00
839,1,9,3,5999,2025-06-01 03:30:00
839,2,38,1,3999,2025-06-01 03:30:00
839,3,14,1,11999,2025-06-01 03:30:00
839,4,44,3,1999,2025-06-01 03:30:00
840,1,27,4,1999,2025-06-01 03:30:00
840,2,3,4,3999,2025-06-01 03:30:00
840,3,11,4,3499,2025-06-01 03:30:00
840,4,15,3,8999,2025-06-01 03:30:00
840,5,20,1,3999,2025-06-01 03:30:00
841,1,36,1,8999,2025-06-01 03:30:00
841,2,10,1,6999,2025-06-01 03:30:00
841,3,35,3,6999,2025-06-01 03:30:00
841,4,32,4,11999,2025-06-01 03:30:00
841,5,26,1,6999,2025-06-01 03:30:00
842,1,2,2,5999,2025-06-01 03:30:00
842,2,28,2,3499,2025-06-01 03:30:00
842,3,34,3,1999,2025-06-01 03:30:00
843,1,21,1,3999,2025-06-01 03:30:00
843,2,7,4,5999,2025-06-01 03:30:00
843,3,36,4,8999,2025-06-01 03:30:00
843,4,38,2,3999,2025-06-01 03:30:00
844,1,19,1,4999,2025-06-01 03:30:00
844,2,49,3,2999,2025-06-01 03:30:00
844,3,5,3,1999,2025-06-01 03:30:00
844,4,3,4,3999,2025-06-01 03:30:00
845,1,45,3,2499,2025-06-01 03:30:00
845,2,37,1,8999,2025-06-01 03:30:00
845,3,24,3,6999,2025-06-01 03:30:00
845,4,50,3,4999,2025-06-01 03:30:00
846,1,17,4,8999,2025-06-01 03:30:00
846,2,39,2,1999,2025-06-01 03:30:00
846,3,32,4,11999,2025-06-01 03:30:00
847,1,46,3,2499,2025-06-01 03:30:00
847,2,44,4,1999,2025-06-01 03:30:00
847,3,22,4,11999,2025-06-01 03:30:00
847,4,23,4,6999,2025-06-01 03:30:00
848,1,42,3,4999,2025-06-01 03:30:00
848,2,30,2,3499,2025-06-01 03:30:00
849,1,9,1,5999,2025-06-01 03:30:00
849,2,36,1,8999,2025-06-01 03:30:00
849,3,31,1,2499,2025-06-01 03:30:00
850,1,26,3,6999,2025-06-01 03:30:00
851,1,26,4,6999,2025-06-01 03:30:00
851,2,50,3,4999,2025-06-01 03:30:00
852,1,15,3,8999,2025-06-01 03:30:00
852,2,11,1,3499,2025-06-01 03:30:00
852,3,28,3,3499,2025-06-01 03:30:00
852,4,2,1,5999,2025-06-01 03:30:00
853,1,17,4,8999,2025-06-01 03:30:00
853,2,31,4,2499,2025-06-01 03:30:00
854,1,8,4,3999,2025-06-01 03:30:00
854,2,1,4,5999,2025-06-01 03:30:00
854,3,44,4,1999,2025-06-01 03:30:00
854,4,28,1,3499,2025-06-01 03:30:00
854,5,9,1,5999,2025-06-01 03:30:00
854,6,3,4,3999,2025-06-01 03:30:00
855,1,20,3,3999,2025-06-01 03:30:00
855,2,39,3,1999,2025-06-01 03:30:00
855,3,3,4,3999,2025-06-01 03:30:00
856,1,27,3,1999,2025-06-01 03:30:00
856,2,10,4,6999,2025-06-01 03:30:00
856,3,49,1,2999,2025-06-01 03:30:00
856,4,7,3,5999,2025-06-01 03:30:00
857,1,49,2,2999,2025-06-01 03:30:00
858,1,5,3,1999,2025-06-01 03:30:00
858,2,39,1,1999,2025-06-01 03:30:00
858,3,38,1,3999,2025-06-01 03:30:00
858,4,31,3,2499,2025-06-01 03:30:00
859,1,26,4,6999,2025-06-01 03:30:00
859,2,39,3,1999,2025-06-01 03:30:00
859,3,13,2,5999,2025-06-01 03:30:00
860,1,34,3,1999,2025-06-01 03:30:00
860,2,38,4,3999,2025-06-01 03:30:00
861,1,26,1,6999,2025-06-01 03:30:00
861,2,42,1,4999,2025-06-01 03:30:00
861,3,27,1,1999,2025-06-01 03:30:00
862,1,27,3,1999,2025-06-01 03:30:00
862,2,19,3,4999,2025-06-01 03:30:00
863,1,32,3,11999,2025-06-01 03:30:00
863,2,37,1,8999,2025-06-01 03:30:00
863,3,24,2,6999,2025-06-01 03:30:00
863,4,46,2,2499,2025-06-01 03:30:00
864,1,43,3,1999,2025-06-01 03:30:00
865,1,37,1,8999,2025-06-01 03:30:00
865,2,12,3,11999,2025-06-01 03:30:00
866,1,47,3,5999,2025-06-01 03:30:00
866,2,36,2,8999,2025-06-01 03:30:00
866,3,3,2,3999,2025-06-01 03:30:00
866,4,37,1,8999,2025-06-01 03:30:00
866,5,9,1,5999,2025-06-01 03:30:00
867,1,5,3,1999,2025-06-01 03:30:00
867,2,9,2,5999,2025-06-01 03:30:00
867,3,4,2,3499,2025-06-01 03:30:00
868,1,2,1,5999,2025-06-01 03:30:00
868,2,49,3,2999,2025-06-01 03:30:00
868,3,26,1,6999,2025-06-01 03:30:00
869,1,12,1,11999,2025-06-01 03:30:00
869,2,42,2,4999,2025-06-01 03:30:00
869,3,35,3,6999,2025-06-01 03:30:00
869,4,29,2,2499,2025-06-01 03:30:00
870,1,3,3,3999,2025-06-01 03:30:00
870,2,45,4,2499,2025-06-01 03:30:00
870,3,31,2,2499,2025-06-01 03:30:00
871,1,37,2,8999,2025-06-01 03:30:00
871,2,13,1,5999,2025-06-01 03:30:00
872,1,50,4,4999,2025-06-01 03:30:00
872,2,49,2,2999,2025-06-01 03:30:00
873,1,45,1,2499,2025-06-01 03:30:00
873,2,16,1,1999,2025-06-01 03:30:00
874,1,2,2,5999,2025-06-01 03:30:00
874,2,14,3,11999,2025-06-01 03:30:00
874,3,4,1,3499,2025-06-01 03:30:00
874,4,11,4,3499,2025-06-01 03:30:00
874,5,31,2,2499,2025-06-01 03:30:00
875,1,28,4,3499,2025-06-01 03:30:00
875,2,3,1,3999,2025-06-01 03:30:00
876,1,5,1,1999,2025-06-01 03:30:00
877,1,3,2,3999,2025-06-01 03:30:00
877,2,49,1,2999,2025-06-01 03:30:00
877,3,26,2,6999,2025-06-01 03:30:00
878,1,46,2,2499,2025-06-01 03:30:00
878,2,18,3,8999,2025-06-01 03:30:00
878,3,3,2,3999,2025-06-01 03:30:00
878,4,42,4,4999,2025-06-01 03:30:00
879,1,14,1,11999,2025-06-01 03:30:00
879,2,44,1,1999,2025-06-01 03:30:00
879,3,42,1,4999,2025-06-01 03:30:00
880,1,21,4,3999,2025-06-01 03:30:00
880,2,31,2,2499,2025-06-01 03:30:00
881,1,35,2,6999,2025-06-01 03:30:00
882,1,30,1,3499,2025-06-01 03:30:00
882,2,13,4,5999,2025-06-01 03:30:00
882,3,43,1,1999,2025-06-01 03:30:00
883,1,28,2,3499,2025-06-01 03:30:00
884,1,47,2,5999,2025-06-01 03:30:00
884,2,41,3,2499,2025-06-01 03:30:00
884,3,17,3,8999,2025-06-01 03:30:00
884,4,37,3,8999,2025-06-01 03:30:00
885,1,41,4,2499,2025-06-01 03:30:00
886,1,10,4,6999,2025-06-01 03:30:00
886,2,39,3,1999,2025-06-01 03:30:00
886,3,14,3,11999,2025-06-01 03:30:00
886,4,48,1,8999,2025-06-01 03:30:00
887,1,4,2,3499,2025-06-01 03:30:00
887,2,33,3,3999,2025-06-01 03:30:00
888,1,31,1,2499,2025-06-01 03:30:00
888,2,20,1,3999,2025-06-01 03:30:00
888,3,3,1,3999,2025-06-01 03:30:00
889,1,35,3,6999,2025-06-01 03:30:00
890,1,33,4,3999,2025-06-01 03:30:00
890,2,47,3,5999,2025-06-01 03:30:00
890,3,32,1,11999,2025-06-01 03:30:00
891,1,18,4,8999,2025-06-01 03:30:00
892,1,7,1,5999,2025-06-01 03:30:00
892,2,18,2,8999,2025-06-01 03:30:00
892,3,15,4,8999,2025-06-01 03:30:00
892,4,26,2,6999,2025-06-01 03:30:00
892,5,50,3,4999,2025-06-01 03:30:00
893,1,29,2,2499,2025-06-01 03:30:00
894,1,50,1,4999,2025-06-01 03:30:00
894,2,13,1,5999,2025-06-01 03:30:00
894,3,11,2,3499,2025-06-01 03:30:00
895,1,17,2,8999,2025-06-01 03:30:00
896,1,13,3,5999,2025-06-01 03:30:00
897,1,13,3,5999,2025-06-01 03:30:00
897,2,5,1,1999,2025-06-01 03:30:00
897,3,1,4,5999,2025-06-01 03:30:00
898,1,49,3,2999,2025-06-01 03:30:00
898,2,25,4,11999,2025-06-01 03:30:00
898,3,26,4,6999,2025-06-01 03:30:00
899,1,20,3,3999,2025-06-01 03:30:00
899,2,34,1,1999,2025-06-01 03:30:00
899,3,17,2,8999,2025-06-01 03:30:00
900,1,26,2,6999,2025-06-01 03:30:00
900,2,43,4,1999,2025-06-01 03:30:00
900,3,3,4,3999,2025-06-01 03:30:00
901,1,50,1,4999,2025-06-01 03:30:00
902,1,43,3,1999,2025-06-01 03:30:00
902,2,11,2,3499,2025-06-01 03:30:00
902,3,41,2,2499,2025-06-01 03:30:00
902,4,12,4,11999,2025-06-01 03:30:00
902,5,2,1,5999,2025-06-01 03:30:00
903,1,26,2,6999,2025-06-01 03:30:00
903,2,5,3,1999,2025-06-01 03:30:00
903,3,36,3,8999,2025-06-01 03:30:00
904,1,19,3,4999,2025-06-01 03:30:00
904,2,49,3,2999,2025-06-01 03:30:00
905,1,34,1,1999,2025-06-01 03:30:00
905,2,1,1,5999,2025-06-01 03:30:00
905,3,14,3,11999,2025-06-01 03:30:00
906,1,35,4,6999,2025-06-01 03:30:00
906,2,25,1,11999,2025-06-01 03:30:00
906,3,48,4,8999,2025-06-01 03:30:00
907,1,17,1,8999,2025-06-01 03:30:00
908,1,1,2,5999,2025-06-01 03:30:00
908,2,26,1,6999,2025-06-01 03:30:00
909,1,41,3,2499,2025-06-01 03:30:00
909,2,50,1,4999,2025-06-01 03:30:00
910,1,29,4,2499,2025-06-01 03:30:00
910,2,10,2,6999,2025-06-01 03:30:00
910,3,31,1,2499,2025-06-01 03:30:00
910,4,34,1,1999,2025-06-01 03:30:00
910,5,48,1,8999,2025-06-01 03:30:00
910,6,12,2,11999,2025-06-01 03:30:00
911,1,3,4,3999,2025-06-01 03:30:00
912,1,30,1,3499,2025-06-01 03:30:00
912,2,4,3,3499,2025-06-01 03:30:00
913,1,1,2,5999,2025-06-01 03:30:00
914,1,12,1,11999,2025-06-01 03:30:00
915,1,20,4,3999,2025-06-01 03:30:00
915,2,37,1,8999,2025-06-01 03:30:00
915,3,14,1,11999,2025-06-01 03:30:00
916,1,14,3,11999,2025-06-01 03:30:00
916,2,17,4,8999,2025-06-01 03:30:00
916,3,39,2,1999,2025-06-01 03:30:00
917,1,9,4,5999,2025-06-01 03:30:00
917,2,48,1,8999,2025-06-01 03:30:00
917,3,4,1,3499,2025-06-01 03:30:00
918,1,5,3,1999,2025-06-01 03:30:00
918,2,7,2,5999,2025-06-01 03:30:00
919,1,44,4,1999,2025-06-01 03:30:00
920,1,46,4,2499,2025-06-01 03:30:00
920,2,16,1,1999,2025-06-01 03:30:00
920,3,17,3,8999,2025-06-01 03:30:00
920,4,29,1,2499,2025-06-01 03:30:00
921,1,31,4,2499,2025-06-01 03:30:00
922,1,9,1,5999,2025-06-01 03:30:00
922,2,4,3,3499,2025-06-01 03:30:00
923,1,37,3,8999,2025-06-01 03:30:00
924,1,31,3,2499,2025-06-01 03:30:00
924,2,26,2,6999,2025-06-01 03:30:00
924,3,22,2,11999,2025-06-01 03:30:00
925,1,28,4,3499,2025-06-01 03:30:00
925,2,14,3,11999,2025-06-01 03:30:00
925,3,4,4,3499,2025-06-01 03:30:00
925,4,27,3,1999,2025-06-01 03:30:00
926,1,30,1,3499,2025-06-01 03:30:00
926,2,44,2,1999,2025-06-01 03:30:00
927,1,25,2,11999,2025-06-01 03:30:00
927,2,3,2,3999,2025-06-01 03:30:00
927,3,4,3,3499,2025-06-01 03:30:00
927,4,48,1,8999,2025-06-01 03:30:00
928,1,27,4,1999,2025-06-01 03:30:00
928,2,1,3,5999,2025-06-01 03:30:00
928,3,30,4,3499,2025-06-01 03:30:00
928,4,42,4,4999,2025-06-01 03:30:00
928,5,21,4,3999,2025-06-01 03:30:00
929,1,3,2,3999,2025-06-01 03:30:00
929,2,20,3,3999,2025-06-01 03:30:00
929,3,34,3,1999,2025-06-01 03:30:00
929,4,29,3,2499,2025-06-01 03:30:00
930,1,37,1,8999,2025-06-01 03:30:00
930,2,50,2,4999,2025-06-01 03:30:00
930,3,20,2,3999,2025-06-01 03:30:00
931,1,49,3,2999,2025-06-01 03:30:00
931,2,46,4,2499,2025-06-01 03:30:00
931,3,3,4,3999,2025-06-01 03:30:00
932,1,16,3,1999,2025-06-01 03:30:00
932,2,13,3,5999,2025-06-01 03:30:00
932,3,37,3,8999,2025-06-01 03:30:00
932,4,5,3,1999,2025-06-01 03:30:00
933,1,12,4,11999,2025-06-01 03:30:00
933,2,18,4,8999,2025-06-01 03:30:00
933,3,32,4,11999,2025-06-01 03:30:00
934,1,7,2,5999,2025-06-01 03:30:00
934,2,16,3,1999,2025-06-01 03:30:00
934,3,18,1,8999,2025-06-01 03:30:00
935,1,44,2,1999,2025-06-01 03:30:00
935,2,38,2,3999,2025-06-01 03:30:00
935,3,8,3,3999,2025-06-01 03:30:00
936,1,31,4,2499,2025-06-01 03:30:00
936,2,23,2,6999,2025-06-01 03:30:00
937,1,31,1,2499,2025-06-01 03:30:00
938,1,24,1,6999,2025-06-01 03:30:00
938,2,6,3,3999,2025-06-01 03:30:00
938,3,12,3,11999,2025-06-01 03:30:00
939,1,36,2,8999,2025-06-01 03:30:00
940,1,43,3,1999,2025-06-01 03:30:00
941,1,13,3,5999,2025-06-01 03:30:00
942,1,39,3,1999,2025-06-01 03:30:00
942,2,14,1,11999,2025-06-01 03:30:00
943,1,9,2,5999,2025-06-01 03:30:00
943,2,20,4,3999,2025-06-01 03:30:00
944,1,49,2,2999,2025-06-01 03:30:00
944,2,48,4,8999,2025-06-01 03:30:00
944,3,34,1,1999,2025-06-01 03:30:00
945,1,46,4,2499,2025-06-01 03:30:00
945,2,21,4,3999,2025-06-01 03:30:00
945,3,16,3,1999,2025-06-01 03:30:00
945,4,36,2,8999,2025-06-01 03:30:00
946,1,35,1,6999,2025-06-01 03:30:00
946,2,24,4,6999,2025-06-01 03:30:00
946,3,41,1,2499,2025-06-01 03:30:00
946,4,11,4,3499,2025-06-01 03:30:00
947,1,22,2,11999,2025-06-01 03:30:00
947,2,20,3,3999,2025-06-01 03:30:00
948,1,29,3,2499,2025-06-01 03:30:00
948,2,38,4,3999,2025-06-01 03:30:00
948,3,26,3,6999,2025-06-01 03:30:00
948,4,47,4,5999,2025-06-01 03:30:00
949,1,38,4,3999,2025-06-01 03:30:00
949,2,46,2,2499,2025-06-01 03:30:00
950,1,8,4,3999,2025-06-01 03:30:00
951,1,3,2,3999,2025-06-01 03:30:00
951,2,2,2,5999,2025-06-01 03:30:00
951,3,28,1,3499,2025-06-01 03:30:00
951,4,30,3,3499,2025-06-01 03:30:00
952,1,4,3,3499,2025-06-01 03:30:00
952,2,49,1,2999,2025-06-01 03:30:00
952,3,12,4,11999,2025-06-01 03:30:00
953,1,36,1,8999,2025-06-01 03:30:00
953,2,4,3,3499,2025-06-01 03:30:00
953,3,33,3,3999,2025-06-01 03:30:00
954,1,39,2,1999,2025-06-01 03:30:00
954,2,18,1,8999,2025-06-01 03:30:00
954,3,3,4,3999,2025-06-01 03:30:00
954,4,16,3,1999,2025-06-01 03:30:00
955,1,15,4,8999,2025-06-01 03:30:00
955,2,46,1,2499,2025-06-01 03:30:00
955,3,19,1,4999,2025-06-01 03:30:00
955,4,42,3,4999,2025-06-01 03:30:00
956,1,17,4,8999,2025-06-01 03:30:00
956,2,18,2,8999,2025-06-01 03:30:00
957,1,14,4,11999,2025-06-01 03:30:00
958,1,25,2,11999,2025-06-01 03:30:00
958,2,24,4,6999,2025-06-01 03:30:00
959,1,14,4,11999,2025-06-01 03:30:00
960,1,29,4,2499,2025-06-01 03:30:00
960,2,33,3,3999,2025-06-01 03:30:00
960,3,20,1,3999,2025-06-01 03:30:00
960,4,48,2,8999,2025-06-01 03:30:00
961,1,13,3,5999,2025-06-01 03:30:00
962,1,23,3,6999,2025-06-01 03:30:00
962,2,42,3,4999,2025-06-01 03:30:00
962,3,46,2,2499,2025-06-01 03:30:00
962,4,10,4,6999,2025-06-01 03:30:00
963,1,49,3,2999,2025-06-01 03:30:00
963,2,7,3,5999,2025-06-01 03:30:00
963,3,46,2,2499,2025-06-01 03:30:00
964,1,10,3,6999,2025-06-01 03:30:00
964,2,42,3,4999,2025-06-01 03:30:00
965,1,28,4,3499,2025-06-01 03:30:00
965,2,2,1,5999,2025-06-01 03:30:00
965,3,16,4,1999,2025-06-01 03:30:00
966,1,43,1,1999,2025-06-01 03:30:00
966,2,46,4,2499,2025-06-01 03:30:00
966,3,28,2,3499,2025-06-01 03:30:00
966,4,26,2,6999,2025-06-01 03:30:00
967,1,20,1,3999,2025-06-01 03:30:00
967,2,41,3,2499,2025-06-01 03:30:00
968,1,25,3,11999,2025-06-01 03:30:00
968,2,50,3,4999,2025-06-01 03:30:00
968,3,44,3,1999,2025-06-01 03:30:00
969,1,10,4,6999,2025-06-01 03:30:00
970,1,46,4,2499,2025-06-01 03:30:00
970,2,44,3,1999,2025-06-01 03:30:00
970,3,35,1,6999,2025-06-01 03:30:00
970,4,18,4,8999,2025-06-01 03:30:00
971,1,47,4,5999,2025-06-01 03:30:00
971,2,5,2,1999,2025-06-01 03:30:00
972,1,4,3,3499,2025-06-01 03:30:00
972,2,23,1,6999,2025-06-01 03:30:00
972,3,21,4,3999,2025-06-01 03:30:00
972,4,32,2,11999,2025-06-01 03:30:00
972,5,33,1,3999,2025-06-01 03:30:00
973,1,23,3,6999,2025-06-01 03:30:00
973,2,2,2,5999,2025-06-01 03:30:00
973,3,31,3,2499,2025-06-01 03:30:00
973,4,37,3,8999,2025-06-01 03:30:00
973,5,7,4,5999,2025-06-01 03:30:00
973,6,1,1,5999,2025-06-01 03:30:00
974,1,49,2,2999,2025-06-01 03:30:00
975,1,33,4,3999,2025-06-01 03:30:00
975,2,15,2,8999,2025-06-01 03:30:00
976,1,19,2,4999,2025-06-01 03:30:00
977,1,48,4,8999,2025-06-01 03:30:00
978,1,12,3,11999,2025-06-01 03:30:00
979,1,35,1,6999,2025-06-01 03:30:00
979,2,11,1,3499,2025-06-01 03:30:00
980,1,25,1,11999,2025-06-01 03:30:00
980,2,28,4,3499,2025-06-01 03:30:00
980,3,13,3,5999,2025-06-01 03:30:00
981,1,34,1,1999,2025-06-01 03:30:00
981,2,19,4,4999,2025-06-01 03:30:00
982,1,6,4,3999,2025-06-01 03:30:00
982,2,26,4,6999,2025-06-01 03:30:00
983,1,14,1,11999,2025-06-01 03:30:00
983,2,3,1,3999,2025-06-01 03:30:00
984,1,7,2,5999,2025-06-01 03:30:00
984,2,15,2,8999,2025-06-01 03:30:00
984,3,44,3,1999,2025-06-01 03:30:00
985,1,19,3,4999,2025-06-01 03:30:00
985,2,48,4,8999,2025-06-01 03:30:00
986,1,41,4,2499,2025-06-01 03:30:00
986,2,2,2,5999,2025-06-01 03:30:00
987,1,35,4,6999,2025-06-01 03:30:00
987,2,14,4,11999,2025-06-01 03:30:00
987,3,15,1,8999,2025-06-01 03:30:00
988,1,24,1,6999,2025-06-01 03:30:00
988,2,38,3,3999,2025-06-01 03:30:00
988,3,48,1,8999,2025-06-01 03:30:00
988,4,20,4,3999,2025-06-01 03:30:00
989,1,1,2,5999,2025-06-01 03:30:00
990,1,40,2,6999,2025-06-01 03:30:00
991,1,27,2,1999,2025-06-01 03:30:00
991,2,21,4,3999,2025-06-01 03:30:00
991,3,29,1,2499,2025-06-01 03:30:00
991,4,25,3,11999,2025-06-01 03:30:00
991,5,43,4,1999,2025-06-01 03:30:00
991,6,50,2,4999,2025-06-01 03:30:00
992,1,14,2,11999,2025-06-01 03:30:00
992,2,13,4,5999,2025-06-01 03:30:00
992,3,44,3,1999,2025-06-01 03:30:00
992,4,37,2,8999,2025-06-01 03:30:00
992,5,46,1,2499,2025-06-01 03:30:00
992,6,4,1,3499,2025-06-01 03:30:00
993,1,2,3,5999,2025-06-01 03:30:00
994,1,2,4,5999,2025-06-01 03:30:00
994,2,48,1,8999,2025-06-01 03:30:00
995,1,25,4,11999,2025-06-01 03:30:00
995,2,9,3,5999,2025-06-01 03:30:00
995,3,35,2,6999,2025-06-01 03:30:00
996,1,19,3,4999,2025-06-01 03:30:00
996,2,15,3,8999,2025-06-01 03:30:00
996,3,42,2,4999,2025-06-01 03:30:00
996,4,46,4,2499,2025-06-01 03:30:00
996,5,45,4,2499,2025-06-01 03:30:00
997,1,28,4,3499,2025-06-01 03:30:00
997,2,5,3,1999,2025-06-01 03:30:00
997,3,26,1,6999,2025-06-01 03:30:00
998,1,49,1,2999,2025-06-01 03:30:00
998,2,47,1,5999,2025-06-01 03:30:00
999,1,42,1,4999,2025-06-01 03:30:00
999,2,49,2,2999,2025-06-01 03:30:00
999,3,18,1,8999,2025-06-01 03:30:00
1000,1,12,1,11999,2025-06-01 03:30:00
1000,2,27,4,1999,2025-06-01 03:30:00
